product_id,product_name,colors,category,sub_category,date_added,manufacturer
FUR-FU-10003026,"Eldon Regeneration Recycled Desk Accessories, Black",Black,Furniture,Furnishings,7/28/2016,
FUR-FU-10004006,"Deflect-o DuraMat Lighweight, Studded, Beveled Mat for Low Pile Carpeting",Blue,Furniture,Furnishings,3/10/2016,
FUR-TA-10000617,"Hon Practical Foundations 30 x 60 Training Table, Light Gray/Charcoal",Pink,Furniture,Tables,10/5/2016,Polo Ralph Lauren
FUR-TA-10004154,"Riverside Furniture Oval Coffee Table, Oval End Table, End Table with Drawer",Blue,Furniture,Tables,6/8/2016,
OFF-AP-10001303,"Holmes Cool Mist Humidifier for the Whole House with 8-Gallon Output per Day, Extended Life Filter",Blue,Office Supplies,Appliances,3/11/2016,
OFF-AP-10002945,Honeywell Enviracaire Portable HEPA Air Cleaner for 17' x 22' Room,Blue,Office Supplies,Appliances,8/3/2016,
OFF-BI-10002414,GBC ProClick Spines for 32-Hole Punch,Blue,Office Supplies,Binders,1/12/2017,Studswar
OFF-BI-10004318,Ibico EB-19 Dual Function Manual Binding System,Blue,Office Supplies,Binders,1/2/2016,
OFF-EN-10001434,"Strathmore #10 Envelopes, Ultimate White",Pink,Office Supplies,Envelopes,11/16/2015,
OFF-LA-10004055,Color-Coded Legal Exhibit Labels,Blue,Office Supplies,Labels,1/12/2017,
OFF-PA-10001450,Rediform S.O.S. Phone Message Books,Blue,Office Supplies,Paper,1/20/2016,
OFF-PA-10002195,"RSVP Cards & Envelopes, Blank White, 8-1/2"" X 11"", 24 Cards/25 Envelopes/Set",Black,Office Supplies,Paper,1/12/2017,DoctorInsole
OFF-ST-10000419,"Rogers Jumbo File, Granite",Pink,Office Supplies,Storage,12/9/2015,
OFF-ST-10001490,"Hot File 7-Pocket, Floor Stand",Black,Office Supplies,Storage,4/29/2016,
OFF-ST-10002974,"Trav-L-File Heavy-Duty Shuttle II, Black",Black,Office Supplies,Storage,3/30/2016,
OFF-SU-10000432,Acco Side-Punched Conventional Columnar Pads,Blue,Office Supplies,Supplies,4/12/2016,
TEC-AC-10003027,Imation 8GB Mini TravelDrive USB 2.0 Flash Drive,Pink,Technology,Accessories,8/27/2016,SNEED
FUR-BO-10000330,"Sauder Camden County Barrister Bookcase, Planked Cherry Finish",Blue,Furniture,Bookcases,3/30/2016,
FUR-BO-10000468,O'Sullivan 2-Shelf Heavy-Duty Bookcases,Black,Furniture,Bookcases,1/15/2016,
FUR-BO-10000711,"Hon Metal Bookcases, Gray",Blue,Furniture,Bookcases,8/23/2016,
FUR-BO-10000780,O'Sullivan Plantations 2-Door Library in Landvery Oak,Pink,Furniture,Bookcases,1/14/2016,
FUR-BO-10001337,O'Sullivan Living Dimensions 2-Shelf Bookcases,Blue,Furniture,Bookcases,3/22/2016,
FUR-BO-10001519,O'Sullivan 3-Shelf Heavy-Duty Bookcases,Blue,Furniture,Bookcases,9/24/2016,BCBG Max Azria
FUR-BO-10001601,"Sauder Mission Library with Doors, Fruitwood Finish",Blue,Furniture,Bookcases,3/7/2016,
FUR-BO-10001608,"Hon Metal Bookcases, Black",Pink,Furniture,Bookcases,4/25/2016,
FUR-BO-10001619,O'Sullivan Cherrywood Estates Traditional Bookcase,Blue,Furniture,Bookcases,3/21/2016,
FUR-BO-10001811,"Atlantic Metals Mobile 5-Shelf Bookcases, Custom Colors",Blue,Furniture,Bookcases,9/27/2016,
FUR-BO-10001918,"Sauder Forest Hills Library with Doors, Woodland Oak Finish",Pink,Furniture,Bookcases,11/9/2015,
FUR-BO-10001972,O'Sullivan 4-Shelf Bookcase in Odessa Pine,White,Furniture,Bookcases,1/9/2017,New Balance
FUR-BO-10002202,"Atlantic Metals Mobile 2-Shelf Bookcases, Custom Colors",Black,Furniture,Bookcases,1/22/2017,Kickers
FUR-BO-10002206,"Bush Saratoga Collection 5-Shelf Bookcase, Hanover Cherry, *Special Order",Blue,Furniture,Bookcases,3/4/2016,
FUR-BO-10002545,"Atlantic Metals Mobile 3-Shelf Bookcases, Custom Colors",Blue,Furniture,Bookcases,10/5/2016,Jordan
FUR-BO-10002598,"Hon Metal Bookcases, Putty",Blue,Furniture,Bookcases,1/2/2016,
FUR-BO-10002613,"Atlantic Metals Mobile 4-Shelf Bookcases, Custom Colors",Pink,Furniture,Bookcases,1/17/2017,RJ's Fuzzies
FUR-BO-10002853,O'Sullivan 5-Shelf Heavy-Duty Bookcases,Blue,Furniture,Bookcases,8/2/2016,Annie Shoes
FUR-BO-10002916,"Rush Hierlooms Collection 1"" Thick Stackable Bookcases",Pink,Furniture,Bookcases,1/15/2016,
FUR-BO-10003034,"O'Sullivan Elevations Bookcase, Cherry Finish",Black,Furniture,Bookcases,11/16/2015,Qianyuyu
FUR-BO-10003159,"Sauder Camden County Collection Libraries, Planked Cherry Finish",Blue,Furniture,Bookcases,2/14/2016,
FUR-BO-10003272,O'Sullivan Living Dimensions 5-Shelf Bookcases,Blue,Furniture,Bookcases,1/17/2017,Okabashi
FUR-BO-10003441,"Bush Westfield Collection Bookcases, Fully Assembled",Blue,Furniture,Bookcases,1/30/2017,Crocs
FUR-BO-10003450,"Bush Westfield Collection Bookcases, Dark Cherry Finish",Pink,Furniture,Bookcases,4/1/2016,
FUR-BO-10003546,Hon 4-Shelf Metal Bookcases,Blue,Furniture,Bookcases,1/9/2017,
FUR-BO-10003660,"Bush Cubix Collection Bookcases, Fully Assembled",Black,Furniture,Bookcases,1/25/2016,
FUR-BO-10003894,"Safco Value Mate Steel Bookcase, Baked Enamel Finish on Steel, Black",Blue,Furniture,Bookcases,5/21/2016,
FUR-BO-10003965,O'Sullivan Manor Hill 2-Door Library in Brianna Oak,Blue,Furniture,Bookcases,11/7/2016,COSMAS JAVA
FUR-BO-10003966,"Sauder Facets Collection Library, Sky Alder Finish",Blue,Furniture,Bookcases,1/12/2017,Tod's
FUR-BO-10004015,"Bush Andora Bookcase, Maple/Graphite Gray Finish",Blue,Furniture,Bookcases,1/12/2017,Robert Wayne
FUR-BO-10004218,"Bush Heritage Pine Collection 5-Shelf Bookcase, Albany Pine Finish, *Special Order",Blue,Furniture,Bookcases,1/12/2017,Qupid
TEC-AC-10001772,Memorex Mini Travel Drive 16 GB USB 2.0 Flash Drive,Blue,Technology,Accessories,12/25/2015,
TEC-AC-10001838,Razer Tiamat Over Ear 7.1 Surround Sound PC Gaming Headset,Blue,Technology,Accessories,11/15/2016,
TEC-AC-10001998,Logitech LS21 Speaker System - PC Multimedia - 2.1-CH - Wired,Black,Technology,Accessories,3/27/2016,Helly Hansen
TEC-AC-10002018,AmazonBasics 3-Button USB Wired Mouse,Pink,Technology,Accessories,3/11/2016,
TEC-AC-10002167,Imation 8gb Micro Traveldrive Usb 2.0 Flash Drive,Pink,Technology,Accessories,10/5/2016,Michael Kors
TEC-AC-10002217,Imation Clip USB flash drive - 8 GB,Blue,Technology,Accessories,10/28/2016,VANS
TEC-AC-10002305,KeyTronic E03601U1 - Keyboard - Beige,Blue,Technology,Accessories,4/9/2016,
TEC-AC-10002331,"Maxell 74 Minute CDR, 10/Pack",Black,Technology,Accessories,11/7/2016,THE ORIGINAL MUCK BOOT CO.
TEC-AC-10002345,HP Standard 104 key PS/2 Keyboard,Blue,Technology,Accessories,1/23/2017,
TEC-AC-10002473,Maxell 4.7GB DVD-R,Blue,Technology,Accessories,10/5/2016,Slippers International
TEC-AC-10002550,Maxell 4.7GB DVD-RW 3/Pack,Blue,Technology,Accessories,1/2/2016,
TEC-AC-10002558,Imation Swivel Flash Drive USB flash drive - 8 GB,Blue,Technology,Accessories,1/27/2017,
TEC-AC-10002637,Logitech VX Revolution Cordless Laser Mouse for Notebooks (Black),Blue,Technology,Accessories,1/14/2017,
TEC-AC-10002647,"Logitech Wireless Boombox Speaker - portable - wireless, wired",Blue,Technology,Accessories,3/22/2016,
TEC-AC-10002857,"Verbatim 25 GB 6x Blu-ray Single Layer Recordable Disc, 1/Pack",Blue,Technology,Accessories,1/12/2017,Mephisto
TEC-AC-10003033,Plantronics CS510 - Over-the-Head monaural Wireless Headset System,Blue,Technology,Accessories,7/12/2015,
TEC-AC-10003038,Kingston Digital DataTraveler 16GB USB 2.0,Black,Technology,Accessories,3/20/2016,
TEC-AC-10004761,Maxell 4.7GB DVD+RW 3/Pack,Blue,Technology,Accessories,1/2/2016,
TEC-AC-10004803,Sony Micro Vault Click 4 GB USB 2.0 Flash Drive,White,Technology,Accessories,3/21/2016,
TEC-AC-10004859,"Maxell Pro 80 Minute CD-R, 10/Pack",Pink,Technology,Accessories,6/12/2016,
TEC-AC-10004992,Kingston Digital DataTraveler 64GB USB 2.0,Blue,Technology,Accessories,11/10/2016,
TEC-CO-10001046,Canon Imageclass D680 Copier / Fax,Pink,Technology,Copiers,1/27/2017,Eastland
TEC-CO-10001943,Canon PC-428 Personal Copier,Pink,Technology,Copiers,1/12/2017,
TEC-CO-10002095,Hewlett Packard 610 Color Digital Copier / Printer,Pink,Technology,Copiers,1/27/2017,Forum Novelties
TEC-CO-10004115,Sharp AL-1530CS Digital Copier,Blue,Technology,Copiers,6/14/2016,
TEC-MA-10000029,"Epson WorkForce WF-2530 All-in-One Printer, Copier Scanner",Black,Technology,Machines,4/10/2016,
TEC-MA-10000423,Texas Instruments TI-34 Scientific Calculator,Blue,Technology,Machines,11/16/2015,Qianyuyu
TEC-MA-10000752,Texas Instrument TI-15 Fraction Calculator,Blue,Technology,Machines,10/20/2015,
TEC-MA-10000904,"Brother MFC-9340CDW LED All-In-One Printer, Copier Scanner",Pink,Technology,Machines,3/15/2016,
TEC-MA-10001031,Socket Bluetooth Cordless Hand Scanner (CHS),White,Technology,Machines,11/16/2015,Qianyuyu
TEC-MA-10001047,"3D Systems Cube Printer, 2nd Generation, Magenta",Pink,Technology,Machines,1/17/2017,Mia Girl
TEC-MA-10001127,"HP Designjet T520 Inkjet Large Format Printer - 24"" Color",White,Technology,Machines,11/2/2016,
TEC-MA-10001148,Swingline SM12-08 MicroCut Jam Free Shredder,Blue,Technology,Machines,5/11/2016,
TEC-MA-10002073,"3D Systems Cube Printer, 2nd Generation, White",Pink,Technology,Machines,4/30/2016,
TEC-MA-10002178,Cisco CP-7937G Unified IP Conference Station Phone,Blue,Technology,Machines,10/5/2016,Fabrique
TEC-MA-10002210,Epson TM-T88V Direct Thermal Printer - Monochrome - Desktop,Blue,Technology,Machines,1/17/2017,Cape Robbin
TEC-MA-10002428,Fellowes Powershred HS-440 4-Sheet High Security Shredder,Black,Technology,Machines,1/17/2017,Coach
TEC-MA-10002694,Hewlett-Packard Deskjet F4180 All-in-One Color Ink-jet - Printer / copier / scanner,Blue,Technology,Machines,11/30/2015,
TEC-MA-10002790,NeatDesk Desktop Scanner & Digital Filing System,Pink,Technology,Machines,2/14/2016,
TEC-MA-10002859,Ativa MDM8000 8-Sheet Micro-Cut Shredder,Blue,Technology,Machines,1/9/2017,
TEC-MA-10002930,Ricoh - Ink Collector Unit for GX3000 Series Printers,Pink,Technology,Machines,11/10/2016,Timberland
TEC-MA-10002937,"Canon Color ImageCLASS MF8580Cdw Wireless Laser All-In-One Printer, Copier, Scanner",Black,Technology,Machines,10/5/2016,Aston Grey Collection
TEC-MA-10002981,I.R.I.S IRISCard Anywhere 5 Card Scanner,Blue,Technology,Machines,1/9/2017,Reliable of Milwuakee
TEC-MA-10003173,Hewlett-Packard 300S Scientific Calculator,Pink,Technology,Machines,4/12/2016,
TEC-MA-10003246,Hewlett-Packard Deskjet D4360 Printer,Black,Technology,Machines,1/16/2017,Naturalizer
TEC-MA-10003329,"Vtech AT&T CL2940 Corded Speakerphone, Black",White,Technology,Machines,2/14/2016,
TEC-MA-10003979,Ativa V4110MDD Micro-Cut Shredder,Blue,Technology,Machines,7/9/2016,
TEC-MA-10004002,Zebra GX420t Direct Thermal/Thermal Transfer Printer,Blue,Technology,Machines,11/1/2015,
TEC-MA-10004212,Cisco SPA525G2 5-Line IP Phone,Black,Technology,Machines,3/4/2016,
TEC-MA-10004626,Lexmark 20R1285 X6650 Wireless All-in-One Printer,Blue,Technology,Machines,2/16/2016,
TEC-MA-10004679,StarTech.com 10/100 VDSL2 Ethernet Extender Kit,White,Technology,Machines,12/2/2015,
TEC-PH-10000011,PureGear Roll-On Screen Protector,Black,Technology,Phones,4/10/2016,
TEC-PH-10000148,Cyber Acoustics AC-202b Speech Recognition Stereo Headset,Blue,Technology,Phones,1/1/2016,
TEC-PH-10000149,Cisco SPA525G2 IP Phone - Wireless,Pink,Technology,Phones,11/16/2015,Qianyuyu
TEC-PH-10000193,Jensen SMPS-640 - speaker phone,Blue,Technology,Phones,3/11/2016,
TEC-PH-10000213,Seidio BD2-HK3IPH5-BK DILEX Case and Holster Combo for Apple iPhone 5/5s - Black,Blue,Technology,Phones,2/2/2016,
TEC-PH-10000215,Plantronics Cordless Phone Headset with In-line Volume - M214C,Blue,Technology,Phones,4/8/2016,
TEC-PH-10000347,Cush Cases Heavy Duty Rugged Cover Case for Samsung Galaxy S5 - Purple,Blue,Technology,Phones,10/27/2016,Pleaser Shoes
TEC-PH-10000560,Samsung Galaxy S III - 16GB - pebble blue (T-Mobile),Blue,Technology,Phones,10/5/2016,Jordan
TEC-PH-10000576,AT&T 1080 Corded phone,Blue,Technology,Phones,3/22/2016,
TEC-PH-10000586,AT&T SB67148 SynJ,Black,Technology,Phones,10/21/2014,
TEC-PH-10000673,Plantronics Voyager Pro HD - Bluetooth Headset,Blue,Technology,Phones,1/24/2017,
TEC-PH-10000702,"Square Credit Card Reader, 4 1/2"" x 4 1/2"" x 1"", White",Pink,Technology,Phones,1/17/2017,PleaserUSA
TEC-PH-10000923,"Belkin SportFit Armband For iPhone 5s/5c, Fuchsia",Blue,Technology,Phones,3/21/2016,
TEC-PH-10000984,Panasonic KX-TG9471B,Pink,Technology,Phones,1/2/2016,
TEC-PH-10001079,Polycom SoundPoint Pro SE-225 Corded phone,White,Technology,Phones,3/3/2016,adidas
TEC-PH-10001300,"iKross Bluetooth Portable Keyboard + Cell Phone Stand Holder + Brush for Apple iPhone 5S 5C 5, 4S 4",Blue,Technology,Phones,1/16/2017,Merrell
TEC-PH-10001459,Samsung Galaxy Mega 6.3,Blue,Technology,Phones,11/11/2016,Easy Spirit
TEC-PH-10001468,Panasonic Business Telephones KX-T7736,Black,Technology,Phones,1/14/2017,CTM
TEC-PH-10001552,I Need's 3d Hello Kitty Hybrid Silicone Case Cover for HTC One X 4g with 3d Hello Kitty Stylus Pen Green/pink,Blue,Technology,Phones,11/10/2016,PleaserUSA
TEC-PH-10001580,Logitech Mobile Speakerphone P710e - speaker phone,Blue,Technology,Phones,1/27/2017,J/Slides
TEC-PH-10001615,AT&T CL82213,Blue,Technology,Phones,1/9/2017,Nike
TEC-PH-10001644,"BlueLounge Milo Smartphone Stand, White/Metallic",Black,Technology,Phones,1/7/2017,Dearfoams
TEC-PH-10001700,Panasonic KX-TG6844B Expandable Digital Cordless Telephone,Blue,Technology,Phones,12/2/2015,Skechers
TEC-PH-10001795,ClearOne CHATAttach 160 - speaker phone,Blue,Technology,Phones,6/20/2016,
TEC-PH-10001809,Panasonic KX T7736-B Digital phone,Blue,Technology,Phones,4/8/2016,
TEC-PH-10001870,Lunatik TT5L-002 Taktik Strike Impact Protection System for iPhone 5,Pink,Technology,Phones,4/10/2016,
TEC-PH-10001944,Wi-Ex zBoost YX540 Cellular Phone Signal Booster,Pink,Technology,Phones,2/2/2016,
TEC-PH-10002033,Konftel 250 Conference phone - Charcoal black,Blue,Technology,Phones,10/5/2016,asics
TEC-PH-10002075,AT&T EL51110 DECT,Blue,Technology,Phones,1/27/2017,Converse
TEC-PH-10002185,QVS USB Car Charger 2-Port 2.1Amp for iPod/iPhone/iPad/iPad 2/iPad 3,Black,Technology,Phones,1/2/2016,
TEC-PH-10002262,LG Electronics Tone+ HBS-730 Bluetooth Headset,Blue,Technology,Phones,7/7/2016,
TEC-PH-10002293,Anker 36W 4-Port USB Wall Charger Travel Power Adapter for iPhone 5s 5c 5,Blue,Technology,Phones,10/5/2016,Dan Post
TEC-PH-10002310,Panasonic KX T7731-B Digital phone,Blue,Technology,Phones,1/2/2016,
TEC-PH-10002365,Belkin Grip Candy Sheer Case / Cover for iPhone 5 and 5S,Blue,Technology,Phones,1/27/2017,
TEC-PH-10002398,AT&T 1070 Corded Phone,Pink,Technology,Phones,3/11/2016,
TEC-PH-10002447,AT&T CL83451 4-Handset Telephone,Blue,Technology,Phones,11/9/2015,LeDonne Leather
TEC-PH-10002468,"Plantronics CS 50-USB - headset - Convertible, Monaural",Black,Technology,Phones,1/24/2017,
TEC-PH-10002564,OtterBox Defender Series Case - Samsung Galaxy S4,Blue,Technology,Phones,11/7/2016,Lauren Ralph Lauren
TEC-PH-10002597,Xblue XB-1670-86 X16 Small Office Telephone - Titanium,Blue,Technology,Phones,11/15/2016,New Balance
TEC-PH-10002890,AT&T 17929 Lendline Telephone,Blue,Technology,Phones,11/20/2016,
TEC-PH-10002923,"Logitech B530 USB Headset - headset - Full size, Binaural",Pink,Technology,Phones,10/28/2016,Yuu
TEC-PH-10003215,Jackery Bar Premium Fast-charging Portable Charger,Blue,Technology,Phones,1/12/2017,
TEC-PH-10003273,AT&T TR1909W,Blue,Technology,Phones,1/17/2017,
TEC-PH-10003356,"SmartStand Mobile Device Holder, Assorted Colors",Blue,Technology,Phones,1/27/2017,Timberland
TEC-PH-10003580,Cisco IP Phone 7961G-GE VoIP phone,Pink,Technology,Phones,8/2/2016,
TEC-PH-10003589,invisibleSHIELD by ZAGG Smudge-Free Screen Protector,Pink,Technology,Phones,11/1/2016,New Balance
TEC-PH-10003601,"Ativa D5772 2-Line 5.8GHz Digital Expandable Corded/Cordless Phone System with Answering & Caller ID/Call Waiting, Black/Silver",Blue,Technology,Phones,1/27/2017,
TEC-AC-10003095,Logitech G35 7.1-Channel Surround Sound Headset,Blue,Technology,Accessories,8/4/2016,
TEC-AC-10003133,Memorex Mini Travel Drive 4 GB USB 2.0 Flash Drive,Pink,Technology,Accessories,1/12/2017,
TEC-AC-10003289,Anker Ultra-Slim Mini Bluetooth 3.0 Wireless Keyboard,Black,Technology,Accessories,3/31/2016,
TEC-AC-10003399,Memorex Mini Travel Drive 64 GB USB 2.0 Flash Drive,Pink,Technology,Accessories,1/12/2017,
TEC-AC-10003433,Maxell 4.7GB DVD+R 5/Pack,Blue,Technology,Accessories,11/15/2016,
TEC-AC-10003441,Kingston Digital DataTraveler 32GB USB 2.0,Blue,Technology,Accessories,10/5/2016,
TEC-AC-10003499,Memorex Mini Travel Drive 8 GB USB 2.0 Flash Drive,Blue,Technology,Accessories,1/2/2016,
TEC-AC-10003590,"TRENDnet 56K USB 2.0 Phone, Internet and Fax Modem",Pink,Technology,Accessories,1/12/2017,Via Spiga
TEC-AC-10003610,Logitech Illuminated - Keyboard,Blue,Technology,Accessories,1/27/2017,Thalia Sodi
TEC-AC-10003614,"Verbatim 25 GB 6x Blu-ray Single Layer Recordable Disc, 10/Pack",Blue,Technology,Accessories,1/27/2017,
TEC-AC-10003628,Logitech 910-002974 M325 Wireless Mouse for Web Scrolling,Pink,Technology,Accessories,9/27/2016,Deluxe Comfort
TEC-AC-10003657,Lenovo 17-Key USB Numeric Keypad,Black,Technology,Accessories,4/12/2016,
TEC-AC-10003709,Maxell 4.7GB DVD-R 5/Pack,Blue,Technology,Accessories,2/21/2016,
TEC-AC-10003870,Logitech Z-906 Speaker sys - home theater - 5.1-CH,Black,Technology,Accessories,3/30/2016,
TEC-AC-10004001,Logitech Wireless Headset H600 Over-The-Head Design,Blue,Technology,Accessories,3/4/2016,
TEC-AC-10004114,KeyTronic 6101 Series - Keyboard - Black,Blue,Technology,Accessories,12/1/2015,
TEC-AC-10004171,Razer Kraken 7.1 Surround Sound Over Ear USB Gaming Headset,Blue,Technology,Accessories,3/25/2016,
TEC-AC-10004518,Memorex Mini Travel Drive 32 GB USB 2.0 Flash Drive,Blue,Technology,Accessories,1/27/2017,Reebok
TEC-AC-10004568,Maxell LTO Ultrium - 800 GB,Black,Technology,Accessories,1/27/2017,Brinley Co.
TEC-AC-10004633,"Verbatim 25 GB 6x Blu-ray Single Layer Recordable Disc, 3/Pack",Black,Technology,Accessories,11/7/2016,Bata Shoe
TEC-AC-10004659,Imation Secure+ Hardware Encrypted USB 2.0 Flash Drive; 16GB,Blue,Technology,Accessories,1/12/2017,Hoka One One
TEC-PH-10003800,i.Sound Portable Power - 8000 mAh,Blue,Technology,Phones,2/14/2016,
TEC-PH-10003875,KLD Oscar II Style Snap-on Ultra Thin Side Flip Synthetic Leather Cover Case for HTC One HTC M7,Black,Technology,Phones,11/9/2015,
TEC-PH-10003963,GE 2-Jack Phone Line Splitter,Blue,Technology,Phones,6/8/2016,
TEC-PH-10003988,"LF Elite 3D Dazzle Designer Hard Case Cover, Lf Stylus Pen and Wiper For Apple Iphone 5c Mini Lite",Blue,Technology,Phones,1/17/2017,FitFlop
TEC-PH-10004006,Panasonic KX - TS880B Telephone,Pink,Technology,Phones,1/12/2017,Filament
TEC-PH-10004093,Panasonic Kx-TS550,Blue,Technology,Phones,1/27/2017,Totes
TEC-PH-10004120,AT&T 1080 Phone,Blue,Technology,Phones,8/27/2016,SNEED
TEC-PH-10004188,OtterBox Commuter Series Case - Samsung Galaxy S4,Blue,Technology,Phones,2/14/2016,
TEC-PH-10004434,Cisco IP Phone 7961G VoIP phone - Dark gray,Pink,Technology,Phones,1/2/2016,
TEC-PH-10004447,Toshiba IPT2010-SD IP Telephone,Blue,Technology,Phones,3/9/2016,
TEC-PH-10004522,Dexim XPower Skin Super-Thin Power Case for iPhone 5 - Black,Blue,Technology,Phones,1/24/2017,
TEC-PH-10004531,OtterBox Commuter Series Case - iPhone 5 & 5s,Blue,Technology,Phones,11/16/2015,Qianyuyu
TEC-PH-10004614,AT&T 841000 Phone,Blue,Technology,Phones,11/16/2015,Qianyuyu
TEC-PH-10004667,Cisco 8x8 Inc. 6753i IP Business Phone System,Blue,Technology,Phones,3/30/2016,
TEC-PH-10004875,PNY Rapid USB Car Charger - Black,Pink,Technology,Phones,1/24/2017,Drew Shoe Corporation
TEC-PH-10004896,Nokia Lumia 521 (T-Mobile),Blue,Technology,Phones,11/2/2016,Giani Bernini
TEC-PH-10004922,RCA Visys Integrated PBX 8-Line Router,Black,Technology,Phones,1/1/2016,
TEC-PH-10004924,"SKILCRAFT Telephone Shoulder Rest, 2"" x 6.5"" x 2.5"", Black",Blue,Technology,Phones,12/2/2015,
OFF-BI-10003676,"GBC Standard Recycled Report Covers, Clear Plastic Sheets",Blue,Office Supplies,Binders,1/27/2017,Tidewater
OFF-BI-10003694,"Avery 3 1/2"" Diskette Storage Pages, 10/Pack",Black,Office Supplies,Binders,10/5/2016,Boulet
OFF-BI-10003708,"Acco Four Pocket Poly Ring Binder with Label Holder, Smoke, 1""",Black,Office Supplies,Binders,11/15/2016,Forever Collectible
OFF-BI-10003712,"Acco Pressboard Covers with Storage Hooks, 14 7/8"" x 11"", Light Blue",Black,Office Supplies,Binders,11/7/2016,unknown
OFF-BI-10003718,GBC Therma-A-Bind 250T Electric Binding System,Blue,Office Supplies,Binders,3/31/2016,
OFF-BI-10003876,"Green Canvas Binder for 8-1/2"" x 14"" Sheets",Pink,Office Supplies,Binders,4/5/2016,
OFF-BI-10003910,DXL Angle-View Binders with Locking Rings by Samsill,Blue,Office Supplies,Binders,11/15/2016,
OFF-BI-10003981,"Avery Durable Plastic 1"" Binders",Blue,Office Supplies,Binders,3/30/2016,
OFF-BI-10003984,Lock-Up Easel 'Spel-Binder',Blue,Office Supplies,Binders,3/4/2016,
OFF-BI-10004140,Avery Non-Stick Binders,Blue,Office Supplies,Binders,3/9/2016,
OFF-BI-10004187,3-ring staple pack,Blue,Office Supplies,Binders,11/15/2016,Kenneth Cole NY
OFF-BI-10004209,"Fellowes Twister Kit, Gray/Clear, 3/pkg",Pink,Office Supplies,Binders,1/12/2017,Joy & Mario
OFF-BI-10004233,"GBC Pre-Punched Binding Paper, Plastic, White, 8-1/2"" x 11""",Blue,Office Supplies,Binders,3/3/2016,
OFF-BI-10004236,"XtraLife ClearVue Slant-D Ring Binder, White, 3""",Black,Office Supplies,Binders,8/14/2015,Danner
OFF-BI-10004308,Avery Legal 4-Ring Binder,Blue,Office Supplies,Binders,11/10/2016,Guess
OFF-BI-10004330,"GBC Velobind Prepunched Cover Sets, Regency Series",Black,Office Supplies,Binders,2/15/2016,
OFF-BI-10004410,"C-Line Peel & Stick Add-On Filing Pockets, 8-3/4 x 5-1/8, 10/Pack",Blue,Office Supplies,Binders,11/10/2016,
OFF-BI-10004492,Tuf-Vin Binders,Black,Office Supplies,Binders,4/1/2016,
OFF-BI-10004506,Wilson Jones data.warehouse D-Ring Binders with DublLock,Blue,Office Supplies,Binders,3/9/2016,
OFF-BI-10004632,Ibico Hi-Tech Manual Binding System,Blue,Office Supplies,Binders,3/11/2016,
OFF-BI-10004656,Peel & Stick Add-On Corner Pockets,Blue,Office Supplies,Binders,12/19/2015,
OFF-BI-10004738,Flexible Leather- Look Classic Collection Ring Binder,Pink,Office Supplies,Binders,1/27/2017,
OFF-BI-10004970,"ACCOHIDE 3-Ring Binder, Blue, 1""",Black,Office Supplies,Binders,11/4/2016,Caterpillar
OFF-EN-10000461,"#10- 4 1/8"" x 9 1/2"" Recycled Envelopes",Blue,Office Supplies,Envelopes,2/16/2016,
OFF-EN-10000483,"White Envelopes, White Envelopes with Clear Poly Window",Blue,Office Supplies,Envelopes,4/9/2016,
OFF-EN-10000781,"#10- 4 1/8"" x 9 1/2"" Recycled Envelopes",Blue,Office Supplies,Envelopes,11/4/2016,Easy Spirit
OFF-EN-10000927,Jet-Pak Recycled Peel 'N' Seal Padded Mailers,Blue,Office Supplies,Envelopes,9/27/2016,Quiksilver
OFF-EN-10001137,"#10 Gummed Flap White Envelopes, 100/Box",Blue,Office Supplies,Envelopes,1/2/2016,
OFF-EN-10001141,"Manila Recycled Extra-Heavyweight Clasp Envelopes, 6"" x 9""",Blue,Office Supplies,Envelopes,1/12/2017,
OFF-EN-10001219,"#10- 4 1/8"" x 9 1/2"" Security-Tint Envelopes",Blue,Office Supplies,Envelopes,3/3/2016,
OFF-EN-10001335,"White Business Envelopes with Contemporary Seam, Recycled White Business Envelopes",Blue,Office Supplies,Envelopes,1/7/2017,
OFF-EN-10001453,"Tyvek Interoffice Envelopes, 9 1/2"" x 12 1/2"", 100/Box",Blue,Office Supplies,Envelopes,11/14/2016,
OFF-EN-10002312,#10 Self-Seal White Envelopes,Pink,Office Supplies,Envelopes,11/4/2016,Penny Loves Kenny
OFF-EN-10002500,Globe Weis Peel & Seel First Class Envelopes,Blue,Office Supplies,Envelopes,3/9/2016,
OFF-EN-10002504,"Tyvek  Top-Opening Peel & Seel Envelopes, Plain White",Pink,Office Supplies,Envelopes,2/20/2016,
OFF-EN-10002592,"Peel & Seel Recycled Catalog Envelopes, Brown",Pink,Office Supplies,Envelopes,11/7/2016,VANS
OFF-EN-10002600,"Redi-Strip #10 Envelopes, 4 1/8 x 9 1/2",Blue,Office Supplies,Envelopes,11/1/2016,Drew
OFF-EN-10002831,"Tyvek  Top-Opening Peel & Seel  Envelopes, Gray",Blue,Office Supplies,Envelopes,11/16/2015,Qianyuyu
OFF-EN-10002973,Ampad #10 Peel & Seel Holiday Envelopes,Black,Office Supplies,Envelopes,1/27/2017,
OFF-EN-10002986,"#10-4 1/8"" x 9 1/2"" Premium Diagonal Seam Envelopes",Black,Office Supplies,Envelopes,12/1/2015,
OFF-EN-10003001,Ames Color-File Green Diamond Border X-ray Mailers,Black,Office Supplies,Envelopes,11/10/2016,PleaserUSA
OFF-EN-10003055,"Blue String-Tie & Button Interoffice Envelopes, 10 x 13",Black,Office Supplies,Envelopes,1/2/2016,
OFF-EN-10003068,#6 3/4 Gummed Flap White Envelopes,Blue,Office Supplies,Envelopes,1/12/2017,Rocket Dog
OFF-EN-10003072,Peel & Seel Envelopes,Pink,Office Supplies,Envelopes,3/11/2016,
OFF-EN-10003296,Tyvek Side-Opening Peel & Seel Expanding Envelopes,Blue,Office Supplies,Envelopes,12/30/2015,
OFF-EN-10003448,"Peel & Seel Recycled Catalog Envelopes, Brown",Pink,Office Supplies,Envelopes,6/20/2016,
OFF-EN-10003567,"Inter-Office Recycled Envelopes, Brown Kraft, Button-String,10"" x 13"" , 100/Box",Black,Office Supplies,Envelopes,9/4/2016,
OFF-EN-10003798,"Recycled Interoffice Envelopes with Re-Use-A-Seal Closure, 10 x 13",Blue,Office Supplies,Envelopes,1/27/2017,Kenneth Cole Reaction
OFF-EN-10003862,Laser & Ink Jet Business Envelopes,Pink,Office Supplies,Envelopes,1/15/2016,
OFF-EN-10004386,"Recycled Interoffice Envelopes with String and Button Closure, 10 x 13",Pink,Office Supplies,Envelopes,11/6/2016,Puma
OFF-EN-10004459,Security-Tint Envelopes,Pink,Office Supplies,Envelopes,11/16/2015,Qianyuyu
OFF-EN-10004483,"#10 White Business Envelopes,4 1/8 x 9 1/2",Black,Office Supplies,Envelopes,2/19/2016,
OFF-FA-10000134,"Advantus Push Pins, Aluminum Head",Blue,Office Supplies,Fasteners,5/21/2016,
OFF-FA-10000490,"OIC Binder Clips, Mini, 1/4"" Capacity, Black",Pink,Office Supplies,Fasteners,11/16/2015,
OFF-FA-10000621,"OIC Colored Binder Clips, Assorted Sizes",Blue,Office Supplies,Fasteners,11/16/2015,Qianyuyu
OFF-FA-10000840,OIC Thumb-Tacks,White,Office Supplies,Fasteners,3/22/2016,
OFF-FA-10000992,"Acco Clips to Go Binder Clips, 24 Clips in Two Sizes",Black,Office Supplies,Fasteners,10/5/2016,New Balance
OFF-FA-10001135,"Brites Rubber Bands, 1 1/2 oz. Box",White,Office Supplies,Fasteners,1/2/2016,
OFF-FA-10001332,"Acco Banker's Clasps, 5 3/4""-Long",Pink,Office Supplies,Fasteners,2/2/2016,
OFF-FA-10001883,"Alliance Super-Size Bands, Assorted Sizes",Black,Office Supplies,Fasteners,1/9/2017,Mizuno
OFF-FA-10003467,"Alliance Big Bands Rubber Bands, 12/Pack",Blue,Office Supplies,Fasteners,1/27/2017,PleaserUSA
OFF-FA-10004248,Advantus T-Pin Paper Clips,Pink,Office Supplies,Fasteners,1/14/2017,
OFF-FA-10004838,"Super Bands, 12/Pack",Black,Office Supplies,Fasteners,7/7/2016,
OFF-FA-10004854,"Vinyl Coated Wire Paper Clips in Organizer Box, 800/Box",Black,Office Supplies,Fasteners,1/12/2017,USA Dawgs
OFF-LA-10000240,Self-Adhesive Address Labels for Typewriters by Universal,Pink,Office Supplies,Labels,8/1/2016,
OFF-LA-10000407,Avery White Multi-Purpose Labels,White,Office Supplies,Labels,10/5/2016,Lucky
OFF-LA-10000476,"Avery 05222 Permanent Self-Adhesive File Folder Labels for Typewriters, on Rolls, White, 250/Roll",Black,Office Supplies,Labels,6/19/2016,
OFF-LA-10001045,Permanent Self-Adhesive File Folder Labels for Typewriters by Universal,Blue,Office Supplies,Labels,11/16/2015,Qianyuyu
OFF-LA-10001158,"Avery Address/Shipping Labels for Typewriters, 4"" x 2""",Blue,Office Supplies,Labels,10/5/2016,J75 by Jump
OFF-LA-10001982,Smead Alpha-Z Color-Coded Name Labels First Letter Starter Set,Blue,Office Supplies,Labels,11/1/2016,Onguard
OFF-LA-10002271,Smead Alpha-Z Color-Coded Second Alphabetical Labels and Starter Set,Blue,Office Supplies,Labels,1/12/2017,Tommy Hilfiger
OFF-LA-10002945,"Permanent Self-Adhesive File Folder Labels for Typewriters, 1 1/8 x 3 1/2, White",Pink,Office Supplies,Labels,1/20/2017,Dolce Vita
OFF-LA-10003510,"Avery 4027 File Folder Labels for Dot Matrix Printers, 5000 Labels per Box, White",Blue,Office Supplies,Labels,1/27/2017,
OFF-LA-10003766,Self-Adhesive Removable Labels,White,Office Supplies,Labels,1/9/2017,
OFF-LA-10003930,"Dot Matrix Printer Tape Reel Labels, White, 5000/Box",Black,Office Supplies,Labels,3/15/2016,
OFF-LA-10004425,Staple-on labels,Black,Office Supplies,Labels,1/1/2016,
OFF-LA-10004677,Self-Adhesive Address Labels for Typewriters with Dispenser Box,Blue,Office Supplies,Labels,11/1/2016,Dr. Martens
OFF-PA-10000007,"Telephone Message Books with Fax/Mobile Section, 4 1/4"" x 6""",Blue,Office Supplies,Paper,4/8/2016,
OFF-PA-10000069,"TOPS 4 x 6 Fluorescent Color Memo Sheets, 500 Sheets per Pack",Pink,Office Supplies,Paper,11/7/2016,Bamboo54
OFF-PA-10000141,"Ampad Evidence Wirebond Steno Books, 6"" x 9""",Blue,Office Supplies,Paper,1/27/2017,
OFF-PA-10000174,"Message Book, Wirebound, Four 5 1/2"" X 4"" Forms/Pg., 200 Dupl. Sets/Book",Blue,Office Supplies,Paper,11/16/2015,Qianyuyu
OFF-PA-10000241,"IBM Multi-Purpose Copy Paper, 8 1/2 x 11"", Case",Blue,Office Supplies,Paper,1/17/2017,Donald J Pliner
OFF-PA-10000246,Riverleaf Stik-Withit Designer Note Cubes,Black,Office Supplies,Paper,11/4/2016,Nike
OFF-PA-10000249,Easy-staple paper,Blue,Office Supplies,Paper,1/9/2017,
OFF-PA-10000349,Easy-staple paper,Blue,Office Supplies,Paper,1/27/2017,
OFF-PA-10000350,"Message Book, Standard Line ""While You Were Out"", 5 1/2"" X 4"", 200 Sets/Book",Blue,Office Supplies,Paper,1/22/2017,
OFF-PA-10000357,"White Dual Perf Computer Printout Paper, 2700 Sheets, 1 Part, Heavyweight, 20 lbs., 14 7/8 x 11",Pink,Office Supplies,Paper,3/26/2016,
OFF-PA-10000380,"REDIFORM Incoming/Outgoing Call Register, 11"" X 8 1/2"", 100 Messages",Blue,Office Supplies,Paper,11/10/2016,Isotoner
OFF-PA-10000474,Easy-staple paper,Pink,Office Supplies,Paper,3/23/2016,
OFF-PA-10000482,"Snap-A-Way Black Print Carbonless Ruled Speed Letter, Triplicate",Blue,Office Supplies,Paper,3/19/2016,
OFF-PA-10000533,Southworth Parchment Paper & Envelopes,Blue,Office Supplies,Paper,3/30/2016,
OFF-PA-10000565,Easy-staple paper,Blue,Office Supplies,Paper,11/11/2015,
OFF-PA-10000575,"Wirebound Message Books, Four 2 3/4 x 5 White Forms per Page",Pink,Office Supplies,Paper,6/8/2016,
OFF-PA-10000587,"Array Parchment Paper, Assorted Colors",Black,Office Supplies,Paper,1/12/2017,Saucony
OFF-PA-10000659,"Adams Phone Message Book, Professional, 400 Message Capacity, 5 3/6  x 11 ",Pink,Office Supplies,Paper,1/23/2017,Badgley Mischka
OFF-PA-10000673,"Post-it  Important Message  Note Pad, Neon Colors, 50 Sheets/Pad",Blue,Office Supplies,Paper,1/24/2017,capezio
OFF-PA-10000726,"Black Print Carbonless Snap-Off Rapid Letter, 8 1/2"" x 7""",Pink,Office Supplies,Paper,10/5/2016,WORK MASTER
OFF-PA-10000791,"Wirebound Message Books, Four 2 3/4 x 5 Forms per Page, 200 Sets per Book",Blue,Office Supplies,Paper,10/5/2016,5.11 Tactical
OFF-PA-10000807,"TOPS ""Important Message"" Pads, Canary, 4-1/4 x 5-1/2, 50 Sheets per Pad",Blue,Office Supplies,Paper,1/27/2017,GameDay Boots
OFF-PA-10000955,Southworth 25% Cotton Granite Paper & Envelopes,Blue,Office Supplies,Paper,10/5/2016,Rocket Dog Brands LLC
OFF-PA-10001001,"Snap-A-Way Black Print Carbonless Speed Message, No Reply Area, Duplicate",Black,Office Supplies,Paper,3/22/2016,
OFF-PA-10001260,"TOPS Money Receipt Book, Consecutively Numbered in Red,",Blue,Office Supplies,Paper,11/15/2016,
OFF-PA-10001281,Computer Printout Paper with Letter-Trim Fine Perforations,Black,Office Supplies,Paper,11/7/2016,Stacy Adams
OFF-PA-10001295,Computer Printout Paper with Letter-Trim Perforations,Blue,Office Supplies,Paper,3/12/2016,
OFF-PA-10001307,"Important Message Pads, 50 4-1/4 x 5-1/2 Forms per Pad",Blue,Office Supplies,Paper,1/17/2017,Rugged Shark
OFF-PA-10001461,HP Office Paper (20Lb. and 87 Bright),Blue,Office Supplies,Paper,7/19/2016,
OFF-PA-10001509,"Recycled Desk Saver Line ""While You Were Out"" Book, 5 1/2"" X 4""",Blue,Office Supplies,Paper,11/7/2016,PUMA SAFETY SHOES
OFF-PA-10001560,"Adams Telephone Message Books, 5 1/4  x 11 ",Black,Office Supplies,Paper,1/12/2017,Kenneth Cole NY
OFF-PA-10001622,"Ampad Poly Cover Wirebound Steno Book, 6"" x 9"" Assorted Colors, Gregg Ruled",Blue,Office Supplies,Paper,3/4/2016,
OFF-PA-10001667,Great White Multi-Use Recycled Paper (20Lb. and 84 Bright),Blue,Office Supplies,Paper,3/11/2016,
OFF-PA-10001685,Easy-staple paper,Black,Office Supplies,Paper,3/15/2016,
OFF-PA-10001745,"Wirebound Message Books, 2 7/8"" x 5"", 3 Forms per Page",Blue,Office Supplies,Paper,3/11/2016,
OFF-PA-10001776,"Wirebound Message Books, Four 2 3/4"" x 5"" Forms per Page, 600 Sets per Book",Pink,Office Supplies,Paper,3/29/2016,
OFF-PA-10001838,"Adams Telephone Message Book W/Dividers/Space For Phone Numbers, 5 1/4""X8 1/2"", 300/Messages",Blue,Office Supplies,Paper,1/22/2016,
OFF-PA-10001892,"Rediform Wirebound ""Phone Memo"" Message Book, 11 x 5-3/4",Pink,Office Supplies,Paper,11/7/2016,Donald J Pliner
OFF-PA-10001950,Southworth 25% Cotton Antique Laid Paper & Envelopes,Blue,Office Supplies,Paper,1/12/2017,John Varvatos
OFF-PA-10001994,"Ink Jet Note and Greeting Cards, 8-1/2"" x 5-1/2"" Card Size",Black,Office Supplies,Paper,3/12/2016,
OFF-PA-10002137,"Southworth 100% R sum  Paper, 24lb.",Blue,Office Supplies,Paper,8/1/2016,
OFF-PA-10002222,"Xerox Color Copier Paper, 11"" x 17"", Ream",Blue,Office Supplies,Paper,3/24/2016,
OFF-PA-10002246,"Wirebound Four 2-3/4 x 5 Forms per Page, 400 Sets per Book",White,Office Supplies,Paper,11/7/2016,Eric Michael
OFF-PA-10002259,"Geographics Note Cards, Blank, White, 8 1/2"" x 11""",Blue,Office Supplies,Paper,3/11/2016,
OFF-PA-10002333,"Universal Ultra Bright White Copier/Laser Paper, 8 1/2"" x 11"", Ream",White,Office Supplies,Paper,8/14/2015,Ugg Australia
OFF-PA-10002464,HP Office Recycled Paper (20Lb. and 87 Bright),Pink,Office Supplies,Paper,11/27/2015,
OFF-PA-10002479,Xerox 4200 Series MultiUse Premium Copy Paper (20Lb. and 84 Bright),Blue,Office Supplies,Paper,1/17/2017,Timberland
OFF-PA-10002615,"Ampad Gold Fibre Wirebound Steno Books, 6"" x 9"", Gregg Ruled",Pink,Office Supplies,Paper,1/2/2016,
OFF-PA-10002666,Southworth 25% Cotton Linen-Finish Paper & Envelopes,Blue,Office Supplies,Paper,1/27/2017,
OFF-PA-10002689,Weyerhaeuser First Choice Laser/Copy Paper (20Lb. and 88 Bright),Black,Office Supplies,Paper,1/27/2017,Elan Polo
OFF-PA-10002713,"Adams Phone Message Book, 200 Message Capacity, 8 1/16  x 11 ",Blue,Office Supplies,Paper,1/27/2017,
OFF-PA-10002749,"Wirebound Message Books, 5-1/2 x 4 Forms, 2 or 4 Forms per Page",Blue,Office Supplies,Paper,5/16/2016,
OFF-PA-10002764,Easy-staple paper,Blue,Office Supplies,Paper,3/23/2016,
OFF-PA-10002870,"Ampad Phone Message Book, Recycled, 400 Message Capacity, 5    x 11 ",Blue,Office Supplies,Paper,1/2/2016,
OFF-PA-10002893,"Wirebound Service Call Books, 5 1/2"" x 4""",Blue,Office Supplies,Paper,1/20/2016,
OFF-PA-10003016,"Adams ""While You Were Out"" Message Pads",Blue,Office Supplies,Paper,1/12/2017,JUSTIN ORIGINAL WORKBOOTS
OFF-PA-10003036,"Black Print Carbonless 8 1/2"" x 8 1/4"" Rapid Memo Book",Pink,Office Supplies,Paper,1/27/2017,MIA
OFF-PA-10003072,"Eureka Recycled Copy Paper 8 1/2"" x 11"", Ream",Black,Office Supplies,Paper,3/9/2016,
OFF-PA-10003127,Easy-staple paper,Blue,Office Supplies,Paper,1/17/2017,All Black
OFF-PA-10003205,"Wirebound Message Forms, Four 2 3/4 x 5 Forms per Page, Pink Paper",Pink,Office Supplies,Paper,11/9/2015,
OFF-PA-10003424,"While you Were Out Message Book, One Form per Page",Blue,Office Supplies,Paper,1/18/2016,
OFF-PA-10003591,Southworth 100% Cotton The Best Paper,Black,Office Supplies,Paper,11/6/2015,
OFF-PA-10003724,"Wirebound Message Book, 4 per Page",Blue,Office Supplies,Paper,11/6/2016,Alexander McQueen By Puma
OFF-PA-10003883,"Message Book, Phone, Wirebound Standard Line Memo, 2 3/4"" X 5""",Pink,Office Supplies,Paper,10/5/2016,Laredo
OFF-PA-10004000,"While You Were Out Pads, 50 per Pad, 4 x 5 1/4, Green Cycle",Blue,Office Supplies,Paper,4/10/2016,
OFF-PA-10004022,Hammermill Color Copier Paper (28Lb. and 96 Bright),White,Office Supplies,Paper,1/27/2017,
OFF-PA-10004040,Universal Premium White Copier/Laser Paper (20Lb. and 87 Bright),Blue,Office Supplies,Paper,1/14/2017,
OFF-PA-10004041,"It's Hot Message Books with Stickers, 2 3/4"" x 5""",Pink,Office Supplies,Paper,1/7/2017,Vans Footwear
OFF-PA-10004071,"Eaton Premium Continuous-Feed Paper, 25% Cotton, Letter Size, White, 1000 Shts/Box",Blue,Office Supplies,Paper,11/4/2016,Nine West
OFF-PA-10004082,"Adams Telephone Message Book w/Frequently-Called Numbers Space, 400 Messages per Book",Blue,Office Supplies,Paper,3/30/2016,
OFF-PA-10004353,Southworth 25% Cotton Premium Laser Paper and Envelopes,Pink,Office Supplies,Paper,2/9/2016,
OFF-PA-10004381,14-7/8 x 11 Blue Bar Computer Printout Paper,Pink,Office Supplies,Paper,3/15/2016,
OFF-PA-10004470,"Adams Write n' Stick Phone Message Book, 11"" X 5 1/4"", 200 Messages",Black,Office Supplies,Paper,9/25/2016,GBX
OFF-PA-10004569,"Wirebound Message Books, Two 4 1/4"" x 5"" Forms per Page",Blue,Office Supplies,Paper,4/14/2016,
OFF-PA-10004675,"Telephone Message Books with Fax/Mobile Section, 5 1/2"" x 3 3/16""",Black,Office Supplies,Paper,1/24/2017,capezio
OFF-PA-10004911,"Rediform S.O.S. 1-Up Phone Message Bk, 4-1/4x3-1/16 Bk, 1 Form/Pg, 40 Messages/Bk, 3/Pk",Blue,Office Supplies,Paper,2/19/2016,
OFF-PA-10004947,Easy-staple paper,Blue,Office Supplies,Paper,9/21/2015,
OFF-PA-10004996,"Speediset Carbonless Redi-Letter 7"" x 8 1/2""",Blue,Office Supplies,Paper,11/4/2016,ShoeVibe
OFF-ST-10000025,Fellowes Stor/Drawer Steel Plus Storage Drawers,Blue,Office Supplies,Storage,1/9/2017,
OFF-ST-10000036,"Recycled Data-Pak for Archival Bound Computer Printouts, 12-1/2 x 12-1/2 x 16",Blue,Office Supplies,Storage,1/17/2017,Reliable of Milwaukee
OFF-ST-10000046,Fellowes Super Stor/Drawer Files,Blue,Office Supplies,Storage,8/14/2015,Sansha
OFF-ST-10000060,Fellowes Bankers Box Staxonsteel Drawer File/Stacking System,Pink,Office Supplies,Storage,1/2/2016,
OFF-ST-10000078,Tennsco 6- and 18-Compartment Lockers,Blue,Office Supplies,Storage,1/24/2017,Columbia
OFF-ST-10000107,Fellowes Super Stor/Drawer,Pink,Office Supplies,Storage,3/9/2016,
OFF-ST-10000344,"Neat Ideas Personal Hanging Folder Files, Black",Blue,Office Supplies,Storage,3/31/2016,
OFF-ST-10000464,"Multi-Use Personal File Cart and Caster Set, Three Stacking Bins",Blue,Office Supplies,Storage,11/4/2016,MIA
OFF-ST-10000563,Fellowes Bankers Box Stor/Drawer Steel Plus,Blue,Office Supplies,Storage,10/19/2015,
OFF-ST-10000604,Home/Office Personal File Carts,Blue,Office Supplies,Storage,11/7/2016,Caparros
OFF-ST-10000615,"SimpliFile Personal File, Black Granite, 15w x 6-15/16d x 11-1/4h",Black,Office Supplies,Storage,1/12/2017,Saucony
OFF-ST-10000642,"Tennsco Lockers, Gray",Black,Office Supplies,Storage,10/19/2015,
OFF-ST-10000675,"File Shuttle II and Handi-File, Black",Blue,Office Supplies,Storage,6/20/2016,
OFF-ST-10000676,Fellowes Econo/Stor Drawers,Black,Office Supplies,Storage,11/11/2016,
OFF-ST-10000689,"Fellowes Strictly Business Drawer File, Letter/Legal Size",Black,Office Supplies,Storage,3/4/2016,
OFF-ST-10000736,Carina Double Wide Media Storage Towers in Natural & Black,Blue,Office Supplies,Storage,9/25/2016,Calvin Klein
OFF-ST-10000760,Eldon Fold 'N Roll Cart System,Blue,Office Supplies,Storage,8/1/2016,
OFF-ST-10000777,"Companion Letter/Legal File, Black",Blue,Office Supplies,Storage,1/1/2016,
OFF-ST-10000798,2300 Heavy-Duty Transfer File Systems by Perma,Black,Office Supplies,Storage,11/1/2016,Baffin
OFF-ST-10000918,Crate-A-Files,Blue,Office Supplies,Storage,8/14/2015,
OFF-ST-10000934,"Contico 72""H Heavy-Duty Storage System",Blue,Office Supplies,Storage,10/28/2016,PleaserUSA
OFF-ST-10000943,Eldon ProFile File 'N Store Portable File Tub Letter/Legal Size Black,Blue,Office Supplies,Storage,4/12/2016,
OFF-ST-10000991,Space Solutions HD Industrial Steel Shelving.,Blue,Office Supplies,Storage,10/5/2016,Cole Haan
OFF-ST-10001097,Office Impressions Heavy Duty Welded Shelving & Multimedia Storage Drawers,Blue,Office Supplies,Storage,1/27/2017,
OFF-ST-10001128,"Carina Mini System Audio Rack, Model AR050B",White,Office Supplies,Storage,1/27/2017,TOMS
OFF-ST-10001172,"Tennsco Lockers, Sand",Blue,Office Supplies,Storage,3/4/2016,
OFF-ST-10001228,"Fellowes Personal Hanging Folder Files, Navy",Blue,Office Supplies,Storage,1/27/2017,Nina
OFF-ST-10001272,"Mini 13-1/2 Capacity Data Binder Rack, Pearl",Blue,Office Supplies,Storage,1/14/2016,
OFF-ST-10001291,"Tenex Personal Self-Stacking Standard File Box, Black/Gray",Blue,Office Supplies,Storage,4/8/2016,
OFF-ST-10001321,"Decoflex Hanging Personal Folder File, Blue",Blue,Office Supplies,Storage,10/5/2016,Liz Claiborne
OFF-ST-10001328,"Personal Filing Tote with Lid, Black/Gray",Pink,Office Supplies,Storage,3/11/2016,
OFF-ST-10001418,Carina Media Storage Towers in Natural & Black,Black,Office Supplies,Storage,1/27/2017,
OFF-ST-10001469,Fellowes Bankers Box Recycled Super Stor/Drawer,Pink,Office Supplies,Storage,11/16/2016,Nine West
OFF-ST-10001476,Steel Personal Filing/Posting Tote,Blue,Office Supplies,Storage,3/31/2016,
OFF-ST-10001505,"Perma STOR-ALL Hanging File Box, 13 1/8""W x 12 1/4""D x 10 1/2""H",Blue,Office Supplies,Storage,1/21/2016,
OFF-ST-10001522,"Gould Plastics 18-Pocket Panel Bin, 34w x 5-1/4d x 20-1/2h",Blue,Office Supplies,Storage,8/4/2016,
OFF-ST-10001526,Iceberg Mobile Mega Data/Printer Cart ,Black,Office Supplies,Storage,5/17/2016,
OFF-ST-10001590,"Tenex Personal Project File with Scoop Front Design, Black",Blue,Office Supplies,Storage,11/1/2016,PleaserUSA
OFF-ST-10001627,Eldon Jumbo ProFile Portable File Boxes Graphite/Black,Blue,Office Supplies,Storage,6/6/2016,Reebok
OFF-ST-10001713,"Gould Plastics 9-Pocket Panel Bin, 18-3/8w x 5-1/4d x 20-1/2h, Black",Black,Office Supplies,Storage,1/12/2017,
OFF-ST-10001780,Tennsco 16-Compartment Lockers with Coat Rack,Pink,Office Supplies,Storage,8/1/2016,
OFF-ST-10001837,"SAFCO Mobile Desk Side File, Wire Frame",Blue,Office Supplies,Storage,3/23/2016,
OFF-ST-10002182,"Iris 3-Drawer Stacking Bin, Black",Black,Office Supplies,Storage,11/15/2016,Polo Ralph Lauren
OFF-ST-10002205,File Shuttle I and Handi-File,Black,Office Supplies,Storage,10/30/2015,
OFF-ST-10002214,X-Rack File for Hanging Folders,Pink,Office Supplies,Storage,11/6/2016,
OFF-ST-10002289,"Safco Wire Cube Shelving System, For Use as 4 or 5 14"" Cubes, Black",Blue,Office Supplies,Storage,1/27/2017,Western Chief
OFF-ST-10002292,"Sauder Facets Collection Locker/File Cabinet, Sky Alder Finish",Blue,Office Supplies,Storage,11/21/2016,
OFF-ST-10002344,"Carina 42""Hx23 3/4""W Media Storage Unit",Blue,Office Supplies,Storage,1/12/2017,Sanuk
OFF-ST-10002370,"Sortfiler Multipurpose Personal File Organizer, Black",Black,Office Supplies,Storage,3/21/2016,
OFF-ST-10002574,"SAFCO Commercial Wire Shelving, Black",Pink,Office Supplies,Storage,3/11/2016,
OFF-ST-10002615,"Dual Level, Single-Width Filing Carts",Pink,Office Supplies,Storage,1/27/2017,J. Renee
OFF-ST-10002756,"Tennsco Stur-D-Stor Boltless Shelving, 5 Shelves, 24"" Deep, Sand",Black,Office Supplies,Storage,1/1/2016,
OFF-ST-10003058,Eldon Mobile Mega Data Cart  Mega Stackable  Add-On Trays,Pink,Office Supplies,Storage,1/2/2016,
OFF-ST-10003123,Fellowes Bases and Tops For Staxonsteel/High-Stak Systems,White,Office Supplies,Storage,1/12/2017,Laredo
OFF-ST-10003208,Adjustable Depth Letter/Legal Cart,Pink,Office Supplies,Storage,3/4/2016,
OFF-ST-10003282,"Advantus 10-Drawer Portable Organizer, Chrome Metal Frame, Smoke Drawers",Blue,Office Supplies,Storage,3/30/2016,
OFF-ST-10003327,Akro-Mils 12-Gallon Tote,Blue,Office Supplies,Storage,1/2/2016,
OFF-ST-10003455,"Tenex File Box, Personal Filing Tote with Lid, Black",Blue,Office Supplies,Storage,1/2/2016,
OFF-ST-10003470,"Tennsco Snap-Together Open Shelving Units, Starter Sets and Add-On Units",Black,Office Supplies,Storage,10/28/2016,Dearfoams
OFF-ST-10003479,"Eldon Base for stackable storage shelf, platinum",Blue,Office Supplies,Storage,1/20/2016,
OFF-ST-10003641,Space Solutions Industrial Galvanized Steel Shelving.,Blue,Office Supplies,Storage,6/8/2016,
OFF-ST-10003716,Tennsco Double-Tier Lockers,Blue,Office Supplies,Storage,4/7/2016,
OFF-ST-10003805,"24 Capacity Maxi Data Binder Racks, Pearl",Blue,Office Supplies,Storage,11/16/2015,Qianyuyu
OFF-ST-10003816,Fellowes High-Stak Drawer Files,Blue,Office Supplies,Storage,4/15/2016,
OFF-ST-10003994,"Belkin 19"" Center-Weighted Shelf, Gray",Pink,Office Supplies,Storage,11/7/2016,Ramon Tenza
OFF-ST-10003996,"Letter/Legal File Tote with Clear Snap-On Lid, Black Granite",Blue,Office Supplies,Storage,1/27/2017,Crocs Footwear
OFF-ST-10004186,"Stur-D-Stor Shelving, Vertical 5-Shelf: 72""H x 36""W x 18 1/2""D",Blue,Office Supplies,Storage,11/4/2016,Ryka
OFF-ST-10004337,"SAFCO Commercial Wire Shelving, 72h",Blue,Office Supplies,Storage,8/27/2016,CXYY Sports
OFF-ST-10004340,"Fellowes Mobile File Cart, Black",Blue,Office Supplies,Storage,1/27/2017,Reebok
OFF-ST-10004459,Tennsco Single-Tier Lockers,Blue,Office Supplies,Storage,1/12/2017,Jessica Simpson
OFF-ST-10004634,"Personal Folder Holder, Ebony",Blue,Office Supplies,Storage,1/27/2017,Guess
OFF-ST-10004804,"Belkin 19"" Vented Equipment Shelf, Black",Blue,Office Supplies,Storage,1/2/2016,
OFF-ST-10004835,Plastic Stacking Crates & Casters,Black,Office Supplies,Storage,8/11/2016,
OFF-SU-10000898,"Acme Hot Forged Carbon Steel Scissors with Nickel-Plated Handles, 3 7/8"" Cut, 8""L",Blue,Office Supplies,Supplies,1/1/2016,
OFF-SU-10000952,Fiskars Home & Office Scissors,Pink,Office Supplies,Supplies,10/28/2016,PleaserUSA
OFF-SU-10002557,Fiskars Spring-Action Scissors,Blue,Office Supplies,Supplies,1/27/2017,G by Guess
OFF-SU-10002573,"Acme 10"" Easy Grip Assistive Scissors",Blue,Office Supplies,Supplies,11/4/2016,Jacobies
OFF-SU-10004261,"Fiskars 8"" Scissors, 2/Pack",Pink,Office Supplies,Supplies,1/17/2017,
OFF-SU-10004290,"Acme Design Line 8"" Stainless Steel Bent Scissors w/Champagne Handles, 3-1/8"" Cut",White,Office Supplies,Supplies,3/26/2016,
OFF-SU-10004498,Martin-Yale Premier Letter Opener,Blue,Office Supplies,Supplies,8/23/2016,The Highest Heel
OFF-SU-10004782,"Elite 5"" Scissors",Blue,Office Supplies,Supplies,2/17/2016,
TEC-AC-10000023,"Maxell 74 Minute CD-R Spindle, 50/Pack",Blue,Technology,Accessories,4/1/2016,
TEC-AC-10000109,Sony Micro Vault Click 16 GB USB 2.0 Flash Drive,Black,Technology,Accessories,10/27/2016,Bar III
TEC-AC-10000171,"Verbatim 25 GB 6x Blu-ray Single Layer Recordable Disc, 25/Pack",Blue,Technology,Accessories,3/21/2016,
TEC-AC-10000199,Kingston Digital DataTraveler 8GB USB 2.0,Blue,Technology,Accessories,1/27/2017,Vince Camuto
TEC-AC-10000290,Sabrent 4-Port USB 2.0 Hub,Blue,Technology,Accessories,3/11/2016,
TEC-AC-10000358,Imation Secure Drive + Hardware Encrypted USB flash drive - 16 GB,Blue,Technology,Accessories,11/4/2016,MICHAEL Michael Kors
TEC-AC-10000387,KeyTronic KT800P2 - Keyboard - Black,Blue,Technology,Accessories,11/11/2016,Michael Antonio
TEC-AC-10000397,"Perixx PERIBOARD-512B, Ergonomic Split Keyboard",Blue,Technology,Accessories,1/12/2017,
TEC-AC-10000521,"Verbatim Slim CD and DVD Storage Cases, 50/Pack",White,Technology,Accessories,11/4/2016,Toms
TEC-AC-10000682,Kensington K72356US Mouse-in-a-Box USB Desktop Mouse,Blue,Technology,Accessories,11/15/2016,
TEC-AC-10000710,Maxell DVD-RAM Discs,Blue,Technology,Accessories,11/11/2016,CTM
TEC-AC-10000844,Logitech Gaming G510s - Keyboard,Blue,Technology,Accessories,3/15/2016,
TEC-AC-10000892,NETGEAR N750 Dual Band Wi-Fi Gigabit Router,Black,Technology,Accessories,1/27/2017,
TEC-AC-10000991,Sony Micro Vault Click 8 GB USB 2.0 Flash Drive,Pink,Technology,Accessories,1/27/2017,Kenneth Cole NY
TEC-AC-10001013,Logitech ClearChat Comfort/USB Headset H390,Pink,Technology,Accessories,11/1/2016,Dolce Vita
TEC-AC-10001267,Imation 32GB Pocket Pro USB 3.0 Flash Drive - 32 GB - Black - 1 P ...,Blue,Technology,Accessories,1/12/2017,Mari A.
TEC-AC-10001314,Case Logic 2.4GHz Wireless Keyboard,Blue,Technology,Accessories,4/30/2016,
TEC-AC-10001445,Imation USB 2.0 Swivel Flash Drive USB flash drive - 4 GB - Pink,Blue,Technology,Accessories,1/2/2016,
TEC-AC-10001539,Logitech G430 Surround Sound Gaming Headset with Dolby 7.1 Technology,Black,Technology,Accessories,11/16/2015,Qianyuyu
TEC-AC-10001552,Logitech K350 2.4Ghz Wireless Keyboard,Blue,Technology,Accessories,3/23/2016,
TEC-AC-10001553,"Memorex 25GB 6X Branded Blu-Ray Recordable Disc, 15/Pack",Blue,Technology,Accessories,11/10/2016,Nine West
FUR-CH-10004477,"Global Push Button Manager's Chair, Indigo",Blue,Furniture,Chairs,2/17/2016,
FUR-CH-10004495,"Global Leather and Oak Executive Chair, Black",Blue,Furniture,Chairs,1/12/2017,Stacy Adams
FUR-CH-10004675,"Lifetime Advantage Folding Chairs, 4/Carton",Blue,Furniture,Chairs,3/22/2016,
FUR-CH-10004698,"Padded Folding Chairs, Black, 4/Carton",Blue,Furniture,Chairs,11/11/2015,
FUR-CH-10004754,"Global Stack Chair with Arms, Black",Pink,Furniture,Chairs,1/27/2017,Report
FUR-CH-10004853,"Global Manager's Adjustable Task Chair, Storm",Blue,Furniture,Chairs,1/27/2017,Rubies Costume Co
FUR-CH-10004983,Office Star - Mid Back Dual function Ergonomic High Back Chair with 2-Way Adjustable Arms,Blue,Furniture,Chairs,10/10/2016,
FUR-CH-10004997,Hon Every-Day Series Multi-Task Chairs,Blue,Furniture,Chairs,1/20/2017,VANS
FUR-FU-10000010,"DAX Value U-Channel Document Frames, Easel Back",Pink,Furniture,Furnishings,1/27/2017,
FUR-FU-10000073,Deflect-O Glasstique Clear Desk Accessories,Pink,Furniture,Furnishings,5/21/2016,
FUR-FU-10000076,24-Hour Round Wall Clock,Blue,Furniture,Furnishings,1/12/2017,
FUR-FU-10000087,"Executive Impressions 14"" Two-Color Numerals Wall Clock",Blue,Furniture,Furnishings,3/5/2016,
FUR-FU-10000175,DAX Wood Document Frame.,Black,Furniture,Furnishings,3/4/2016,
FUR-FU-10000206,"GE General Purpose, Extra Long Life, Showcase & Floodlight Incandescent Bulbs",Blue,Furniture,Furnishings,3/23/2016,
FUR-FU-10000221,"Master Caster Door Stop, Brown",Blue,Furniture,Furnishings,11/10/2016,J.Renee
FUR-FU-10000222,"Seth Thomas 16"" Steel Case Clock",Blue,Furniture,Furnishings,1/9/2017,Cobian
FUR-FU-10000260,"6"" Cubicle Wall Clock, Black",Blue,Furniture,Furnishings,1/2/2016,
FUR-FU-10000277,Deflect-o DuraMat Antistatic Studded Beveled Mat for Medium Pile Carpeting,White,Furniture,Furnishings,1/27/2017,Reebok
FUR-FU-10000305,"Tenex V2T-RE Standard Weight Series Chair Mat, 45"" x 53"", Lip 25"" x 12""",White,Furniture,Furnishings,4/10/2016,
FUR-FU-10000308,Deflect-o Glass Clear Studded Chair Mats,Black,Furniture,Furnishings,5/6/2016,
FUR-FU-10000409,"GE 4 Foot Flourescent Tube, 40 Watt",Blue,Furniture,Furnishings,3/25/2016,
FUR-FU-10000521,"Seth Thomas 14"" Putty-Colored Wall Clock",Blue,Furniture,Furnishings,7/26/2016,
FUR-FU-10000576,Luxo Professional Fluorescent Magnifier Lamp with Clamp-Mount Base,Black,Furniture,Furnishings,11/16/2015,Qianyuyu
FUR-FU-10000629,9-3/4 Diameter Round Wall Clock,Pink,Furniture,Furnishings,1/27/2017,
FUR-FU-10000672,"Executive Impressions 10"" Spectator Wall Clock",Black,Furniture,Furnishings,1/24/2017,Acacia
FUR-FU-10000719,"DAX Cubicle Frames, 8-1/2 x 11",Blue,Furniture,Furnishings,3/15/2016,
FUR-FU-10000747,Tenex B1-RE Series Chair Mats for Low Pile Carpets,White,Furniture,Furnishings,11/4/2016,Lucky Brand
FUR-FU-10000758,DAX Natural Wood-Tone Poster Frame,Pink,Furniture,Furnishings,11/4/2016,Calvin Klein
FUR-FU-10000771,"Eldon 200 Class Desk Accessories, Smoke",Blue,Furniture,Furnishings,2/2/2016,
FUR-FU-10000794,"Eldon Stackable Tray, Side-Load, Legal, Smoke",Pink,Furniture,Furnishings,11/16/2015,Generic
FUR-FU-10000965,"Howard Miller 11-1/2"" Diameter Ridgewood Wall Clock",Blue,Furniture,Furnishings,1/27/2017,
FUR-FU-10001025,"Eldon Im ge Series Desk Accessories, Clear",White,Furniture,Furnishings,1/17/2017,Via Spiga
FUR-FU-10001037,"DAX Charcoal/Nickel-Tone Document Frame, 5 x 7",Blue,Furniture,Furnishings,1/24/2017,
FUR-FU-10001095,DAX Black Cherry Wood-Tone Poster Frame,Blue,Furniture,Furnishings,2/2/2016,
FUR-FU-10001185,"Advantus Employee of the Month Certificate Frame, 11 x 13-1/2",Pink,Furniture,Furnishings,5/21/2016,
FUR-FU-10001196,DAX Cubicle Frames - 8x10,Pink,Furniture,Furnishings,1/2/2016,
FUR-FU-10001215,"Howard Miller 11-1/2"" Diameter Brentwood Wall Clock",Blue,Furniture,Furnishings,1/27/2017,MICHAEL Michael Kors
FUR-FU-10001379,"Executive Impressions 16-1/2"" Circular Wall Clock",Blue,Furniture,Furnishings,11/23/2015,
FUR-FU-10001475,"Contract Clock, 14"", Brown",Blue,Furniture,Furnishings,11/16/2015,Qianyuyu
FUR-FU-10001487,"Eldon Expressions Wood and Plastic Desk Accessories, Cherry Wood",Blue,Furniture,Furnishings,3/2/2016,
FUR-FU-10001488,"Tenex 46"" x 60"" Computer Anti-Static Chairmat, Rectangular Shaped",White,Furniture,Furnishings,7/28/2016,
FUR-FU-10001546,Dana Swing-Arm Lamps,Blue,Furniture,Furnishings,3/7/2016,
FUR-FU-10001588,"Deflect-o SuperTray Unbreakable Stackable Tray, Letter, Black",Pink,Furniture,Furnishings,1/12/2017,People Footwear
FUR-FU-10001591,Advantus Panel Wall Certificate Holder - 8.5x11,Blue,Furniture,Furnishings,2/3/2016,Greatlookz Fashion
FUR-FU-10001602,"Eldon Delta Triangular Chair Mat, 52"" x 58"", Clear",Blue,Furniture,Furnishings,11/16/2015,Qianyuyu
FUR-FU-10001706,Longer-Life Soft White Bulbs,Blue,Furniture,Furnishings,11/15/2016,Brianna Leigh
FUR-FU-10001731,Acrylic Self-Standing Desk Frames,Black,Furniture,Furnishings,1/2/2016,
FUR-FU-10001756,"Eldon Expressions Desk Accessory, Wood Photo Frame, Mahogany",Blue,Furniture,Furnishings,3/30/2016,
FUR-FU-10001852,"Eldon Regeneration Recycled Desk Accessories, Smoke",Blue,Furniture,Furnishings,1/22/2017,Alfani
FUR-FU-10001861,"Floodlight Indoor Halogen Bulbs, 1 Bulb per Pack, 60 Watts",Black,Furniture,Furnishings,2/19/2016,
FUR-FU-10001867,"Eldon Expressions Punched Metal & Wood Desk Accessories, Pewter & Cherry",Blue,Furniture,Furnishings,1/2/2016,
FUR-FU-10001876,"Computer Room Manger, 14""",Blue,Furniture,Furnishings,11/15/2016,Nike
FUR-FU-10001918,C-Line Cubicle Keepers Polyproplyene Holder With Velcro Backings,Blue,Furniture,Furnishings,3/11/2016,
FUR-FU-10001940,Staple-based wall hangings,Blue,Furniture,Furnishings,1/24/2017,
FUR-FU-10001979,Dana Halogen Swing-Arm Architect Lamp,Blue,Furniture,Furnishings,10/5/2016,Liz Claiborne
FUR-FU-10001986,"Dana Fluorescent Magnifying Lamp, White, 36""",Black,Furniture,Furnishings,3/11/2016,
FUR-FU-10002030,"Executive Impressions 14"" Contract Wall Clock with Quartz Movement",Black,Furniture,Furnishings,2/14/2016,
FUR-FU-10002045,"Executive Impressions 14""",Blue,Furniture,Furnishings,10/28/2016,Pro-Motion Distributing - Direct
FUR-FU-10002088,Nu-Dell Float Frame 11 x 14 1/2,Blue,Furniture,Furnishings,4/10/2016,
FUR-FU-10002111,"Master Caster Door Stop, Large Brown",Pink,Furniture,Furnishings,1/2/2016,
FUR-FU-10002116,"Tenex Carpeted, Granite-Look or Clear Contemporary Contour Shape Chair Mats",Blue,Furniture,Furnishings,1/1/2016,
FUR-FU-10002157,Artistic Insta-Plaque,Pink,Furniture,Furnishings,11/16/2015,Qianyuyu
FUR-FU-10002191,G.E. Halogen Desk Lamp Bulbs,Blue,Furniture,Furnishings,10/28/2016,
FUR-FU-10002253,"Howard Miller 13"" Diameter Pewter Finish Round Wall Clock",Blue,Furniture,Furnishings,11/16/2015,Qianyuyu
FUR-FU-10002298,"Rubbermaid ClusterMat Chairmats, Mat Size- 66"" x 60"", Lip 20"" x 11"" -90 Degree Angle",Blue,Furniture,Furnishings,1/27/2017,Hi-Tec
FUR-FU-10002364,"Eldon Expressions Wood Desk Accessories, Oak",Blue,Furniture,Furnishings,1/22/2017,Penny Loves Kenny
FUR-FU-10002396,"DAX Copper Panel Document Frame, 5 x 7 Size",Black,Furniture,Furnishings,1/17/2017,G By Guess
FUR-FU-10002445,"DAX Two-Tone Rosewood/Black Document Frame, Desktop, 5 x 7",Blue,Furniture,Furnishings,3/30/2016,
FUR-FU-10002456,"Master Caster Door Stop, Large Neon Orange",Pink,Furniture,Furnishings,3/12/2016,
FUR-FU-10002501,Nu-Dell Executive Frame,Blue,Furniture,Furnishings,1/9/2017,
FUR-FU-10002506,"Tensor ""Hersey Kiss"" Styled Floor Lamp",Black,Furniture,Furnishings,10/28/2016,Toms
FUR-FU-10002553,"Electrix Incandescent Magnifying Lamp, Black",Blue,Furniture,Furnishings,2/25/2016,
FUR-FU-10002554,"Westinghouse Floor Lamp with Metal Mesh Shade, Black",Blue,Furniture,Furnishings,5/11/2016,
FUR-FU-10002597,"C-Line Magnetic Cubicle Keepers, Clear Polypropylene",Pink,Furniture,Furnishings,1/16/2017,
FUR-FU-10002671,Electrix 20W Halogen Replacement Bulb for Zoom-In Desk Lamp,Blue,Furniture,Furnishings,11/16/2015,
FUR-FU-10002685,"Executive Impressions 13-1/2"" Indoor/Outdoor Wall Clock",Blue,Furniture,Furnishings,1/1/2016,
FUR-FU-10002759,12-1/2 Diameter Round Wall Clock,Black,Furniture,Furnishings,1/23/2017,Nicole Miller
FUR-FU-10002813,"DAX Contemporary Wood Frame with Silver Metal Mat, Desktop, 11 x 14 Size",Pink,Furniture,Furnishings,11/16/2015,Qianyuyu
FUR-FU-10002878,"Seth Thomas 14"" Day/Date Wall Clock",White,Furniture,Furnishings,1/27/2017,
FUR-FU-10002937,"GE 48"" Fluorescent Tube, Cool White Energy Saver, 34 Watts, 30/Box",Blue,Furniture,Furnishings,1/27/2017,Brinley Co.
FUR-FU-10002960,"Eldon 200 Class Desk Accessories, Burgundy",Black,Furniture,Furnishings,1/12/2017,Crocs
FUR-FU-10002963,"Master Caster Door Stop, Gray",Blue,Furniture,Furnishings,10/5/2016,PleaserUSA
FUR-FU-10003039,"Howard Miller 11-1/2"" Diameter Grantwood Wall Clock",Pink,Furniture,Furnishings,1/22/2017,Cole Haan
FUR-FU-10003096,"Master Giant Foot Doorstop, Safety Yellow",Black,Furniture,Furnishings,1/9/2017,New Balance
FUR-FU-10003142,"Master Big Foot Doorstop, Beige",Blue,Furniture,Furnishings,11/6/2016,Rockport XCS
FUR-FU-10003194,"Eldon Expressions Desk Accessory, Wood Pencil Holder, Oak",Black,Furniture,Furnishings,10/5/2016,Kenneth Cole NY
FUR-FU-10003374,Electrix Fluorescent Magnifier Lamps & Weighted Base,Blue,Furniture,Furnishings,10/27/2016,
FUR-FU-10003394,"Tenex ""The Solids"" Textured Chair Mats",Blue,Furniture,Furnishings,6/17/2016,
FUR-FU-10003424,Nu-Dell Oak Frame,Pink,Furniture,Furnishings,3/12/2016,
FUR-FU-10003464,"Seth Thomas 8 1/2"" Cubicle Clock",Blue,Furniture,Furnishings,1/12/2017,Polo Ralph Lauren
FUR-FU-10003553,"Howard Miller 13-1/2"" Diameter Rosebrook Wall Clock",Blue,Furniture,Furnishings,11/11/2016,
FUR-FU-10003577,Nu-Dell Leatherette Frames,Pink,Furniture,Furnishings,2/14/2016,
FUR-FU-10003601,"Deflect-o RollaMat Studded, Beveled Mat for Medium Pile Carpeting",Blue,Furniture,Furnishings,1/12/2017,
FUR-FU-10003623,"DataProducts Ampli Magnifier Task Lamp, Black,",Blue,Furniture,Furnishings,11/16/2015,Qianyuyu
FUR-FU-10003664,"Electrix Architect's Clamp-On Swing Arm Lamp, Black",Black,Furniture,Furnishings,4/1/2016,
FUR-FU-10003691,"Eldon Image Series Desk Accessories, Ebony",Black,Furniture,Furnishings,1/9/2017,Alegria Footwear
FUR-FU-10003708,"Tenex Traditional Chairmats for Medium Pile Carpet, Standard Lip, 36"" x 48""",Pink,Furniture,Furnishings,11/7/2016,Deckers
FUR-FU-10003724,Westinghouse Clip-On Gooseneck Lamps,Blue,Furniture,Furnishings,11/17/2016,
FUR-FU-10003731,"Eldon Expressions Wood and Plastic Desk Accessories, Oak",Pink,Furniture,Furnishings,2/4/2017,
FUR-FU-10003798,"Ultra Door Kickplate, 8""H x 34""W",Blue,Furniture,Furnishings,1/27/2017,
FUR-FU-10003799,"Seth Thomas 13 1/2"" Wall Clock",Blue,Furniture,Furnishings,11/11/2016,unknown
FUR-FU-10003806,"Tenex Chairmat w/ Average Lip, 45"" x 53""",Blue,Furniture,Furnishings,1/24/2017,Exustar
FUR-FU-10003832,"Eldon Expressions Punched Metal & Wood Desk Accessories, Black & Cherry",Black,Furniture,Furnishings,1/9/2017,New Balance
FUR-FU-10003849,"DAX Metal Frame, Desktop, Stepped-Edge",Blue,Furniture,Furnishings,6/5/2016,
FUR-FU-10003878,"Linden 10"" Round Wall Clock, Black",Blue,Furniture,Furnishings,3/9/2016,
FUR-FU-10003930,Howard Miller 12-3/4 Diameter Accuwave DS  Wall Clock,Blue,Furniture,Furnishings,1/9/2017,
FUR-FU-10003976,"DAX Executive Solid Wood Document Frame, Desktop or Hang, Mahogany, 5 x 7",Pink,Furniture,Furnishings,1/27/2017,Latitudes Inc.
FUR-BO-10004409,"Safco Value Mate Series Steel Bookcases, Baked Enamel Finish on Steel, Gray",Pink,Furniture,Bookcases,3/10/2016,
FUR-BO-10004690,O'Sullivan Cherrywood Estates Traditional Barrister Bookcase,White,Furniture,Bookcases,1/24/2017,
FUR-BO-10004695,O'Sullivan 2-Door Barrister Bookcase in Odessa Pine,Blue,Furniture,Bookcases,3/15/2016,
FUR-BO-10004709,"Bush Westfield Collection Bookcases, Medium Cherry Finish",Blue,Furniture,Bookcases,11/16/2015,
FUR-BO-10004834,"Riverside Palais Royal Lawyers Bookcase, Royale Cherry Finish",Pink,Furniture,Bookcases,11/15/2016,
FUR-CH-10000225,"Global Geo Office Task Chair, Gray",Blue,Furniture,Chairs,1/2/2016,
FUR-CH-10000229,Global Enterprise Series Seating High-Back Swivel/Tilt Chairs,Blue,Furniture,Chairs,1/23/2017,XOXO
FUR-CH-10000454,"Hon Deluxe Fabric Upholstered Stacking Chairs, Rounded Back",Pink,Furniture,Chairs,11/4/2016,
FUR-CH-10000513,High-Back Leather Manager's Chair,Blue,Furniture,Chairs,5/17/2016,
FUR-CH-10000553,"Metal Folding Chairs, Beige, 4/Carton",Blue,Furniture,Chairs,1/27/2017,GameDay Boots
FUR-CH-10000665,"Global Airflow Leather Mesh Back Chair, Black",Pink,Furniture,Chairs,2/2/2016,
FUR-CH-10000749,Office Star - Ergonomic Mid Back Chair with 2-Way Adjustable Arms,White,Furniture,Chairs,8/1/2016,
FUR-CH-10000847,Global Executive Mid-Back Manager's Chair,White,Furniture,Chairs,3/11/2016,
FUR-CH-10001146,"Global Value Mid-Back Manager's Chair, Gray",Blue,Furniture,Chairs,1/9/2017,Sanuk
FUR-CH-10001190,Global Deluxe High-Back Office Chair in Storm,Black,Furniture,Chairs,4/23/2016,
FUR-CH-10001215,Global Troy Executive Leather Low-Back Tilter,Pink,Furniture,Chairs,11/1/2016,Nike
FUR-CH-10001482,Office Star - Mesh Screen back chair with Vinyl seat,Blue,Furniture,Chairs,1/27/2017,Splendid
FUR-CH-10001545,Hon Comfortask Task/Swivel Chairs,Blue,Furniture,Chairs,1/2/2016,
FUR-CH-10001708,Office Star - Contemporary Swivel Chair with Padded Adjustable Arms and Flex Back,Blue,Furniture,Chairs,1/2/2016,
FUR-CH-10001714,"Global Leather & Oak Executive Chair, Burgundy",Pink,Furniture,Chairs,1/30/2017,TOMS
FUR-CH-10001797,"Safco Chair Connectors, 6/Carton",Blue,Furniture,Chairs,1/2/2016,
FUR-CH-10001802,Hon Every-Day Chair Series Swivel Task Chairs,White,Furniture,Chairs,4/10/2016,
FUR-CH-10001854,Office Star - Professional Matrix Back Chair with 2-to-1 Synchro Tilt and Mesh Fabric Seat,Pink,Furniture,Chairs,1/14/2017,VANS
FUR-FU-10004017,"Tenex Contemporary Contur Chairmats for Low and Medium Pile Carpet, Computer, 39"" x 49""",Blue,Furniture,Furnishings,4/7/2016,
FUR-FU-10004053,DAX Two-Tone Silver Metal Document Frame,Pink,Furniture,Furnishings,3/4/2016,
FUR-FU-10004071,Luxo Professional Magnifying Clamp-On Fluorescent Lamps,Blue,Furniture,Furnishings,10/5/2016,Michael Kors
FUR-FU-10004090,"Executive Impressions 14"" Contract Wall Clock",Blue,Furniture,Furnishings,11/2/2016,
FUR-FU-10004091,"Howard Miller 13"" Diameter Goldtone Round Wall Clock",Blue,Furniture,Furnishings,3/30/2016,
FUR-FU-10004093,Hand-Finished Solid Wood Document Frame,Blue,Furniture,Furnishings,1/26/2016,
FUR-FU-10004164,"Eldon 300 Class Desk Accessories, Black",Pink,Furniture,Furnishings,2/16/2016,
FUR-FU-10004188,Luxo Professional Combination Clamp-On Lamps,Pink,Furniture,Furnishings,10/5/2016,
FUR-FU-10004245,"Career Cubicle Clock, 8 1/4"", Black",Blue,Furniture,Furnishings,1/14/2017,
FUR-FU-10004270,"Eldon Image Series Desk Accessories, Burgundy",Black,Furniture,Furnishings,1/24/2017,
FUR-FU-10004351,Staple-based wall hangings,Black,Furniture,Furnishings,10/5/2016,Nike
FUR-FU-10004415,"Stacking Tray, Side-Loading, Legal, Smoke",Blue,Furniture,Furnishings,3/4/2016,
FUR-FU-10004460,"Howard Miller 12"" Round Wall Clock",Black,Furniture,Furnishings,11/6/2016,Warson Brands
FUR-FU-10004586,G.E. Longer-Life Indoor Recessed Floodlight Bulbs,Black,Furniture,Furnishings,2/21/2016,
FUR-FU-10004587,"GE General Use Halogen Bulbs, 100 Watts, 1 Bulb per Pack",Blue,Furniture,Furnishings,3/11/2016,
FUR-FU-10004665,"3M Polarizing Task Lamp with Clamp Arm, Light Gray",Pink,Furniture,Furnishings,3/22/2016,
FUR-FU-10004671,"Executive Impressions 12"" Wall Clock",Blue,Furniture,Furnishings,11/5/2016,Andrew Geller
FUR-FU-10004712,"Westinghouse Mesh Shade Clip-On Gooseneck Lamp, Black",Black,Furniture,Furnishings,1/14/2017,M&F Western Products
FUR-FU-10004748,"Howard Miller 16"" Diameter Gallery Wall Clock",Blue,Furniture,Furnishings,10/5/2016,
FUR-FU-10004845,"Deflect-o EconoMat Nonstudded, No Bevel Mat",Blue,Furniture,Furnishings,1/24/2017,Jessica Simpson
FUR-FU-10004848,"Howard Miller 13-3/4"" Diameter Brushed Chrome Round Wall Clock",Blue,Furniture,Furnishings,4/14/2016,
FUR-FU-10004864,"Howard Miller 14-1/2"" Diameter Chrome Round Wall Clock",Pink,Furniture,Furnishings,1/27/2017,Franco Sarto
FUR-FU-10004904,"Eldon ""L"" Workstation Diamond Chairmat",Black,Furniture,Furnishings,1/5/2017,
FUR-FU-10004909,Contemporary Wood/Metal Frame,Pink,Furniture,Furnishings,1/1/2016,
FUR-FU-10004952,"C-Line Cubicle Keepers Polyproplyene Holder w/Velcro Back, 8-1/2x11, 25/Bx",Blue,Furniture,Furnishings,11/15/2016,Nike
FUR-FU-10004960,"Seth Thomas 12"" Clock w/ Goldtone Case",Blue,Furniture,Furnishings,4/1/2016,
FUR-FU-10004963,"Eldon 400 Class Desk Accessories, Black Carbon",Black,Furniture,Furnishings,3/19/2016,
FUR-TA-10000198,Chromcraft Bull-Nose Wood Oval Conference Tables & Bases,Black,Furniture,Tables,3/21/2016,
FUR-TA-10000688,"Chromcraft Bull-Nose Wood Round Conference Table Top, Wood Base",Blue,Furniture,Tables,11/7/2015,
FUR-TA-10001039,KI Adjustable-Height Table,Blue,Furniture,Tables,1/2/2016,
FUR-TA-10001307,"SAFCO PlanMaster Heigh-Adjustable Drafting Table Base, 43w x 30d x 30-37h, Black",Pink,Furniture,Tables,1/12/2017,Vans
FUR-TA-10001520,"Lesro Sheffield Collection Coffee Table, End Table, Center Table, Corner Table",Blue,Furniture,Tables,5/17/2016,XOXO
FUR-TA-10001691,"Barricks Non-Folding Utility Table with Steel Legs, Laminate Tops",Black,Furniture,Tables,8/23/2016,Mizuno
FUR-TA-10001771,"Bush Cubix Conference Tables, Fully Assembled",Blue,Furniture,Tables,4/15/2016,
FUR-TA-10001932,"Chromcraft 48"" x 96"" Racetrack Double Pedestal Table",Blue,Furniture,Tables,3/22/2016,
FUR-TA-10002041,"Bevis Round Conference Table Top, X-Base",Blue,Furniture,Tables,2/25/2016,
FUR-TA-10002228,"Bevis Traditional Conference Table Top, Plinth Base",Blue,Furniture,Tables,4/20/2016,
FUR-TA-10002356,Bevis Boat-Shaped Conference Table,Blue,Furniture,Tables,11/11/2016,Skechers
FUR-TA-10002530,"Iceberg OfficeWorks 42"" Round Tables",Black,Furniture,Tables,5/17/2016,
FUR-TA-10002622,"Bush Andora Conference Table, Maple/Graphite Gray Finish",White,Furniture,Tables,11/6/2016,Genuine Grip
FUR-TA-10002855,Bevis Round Conference Table Top & Single Column Base,Blue,Furniture,Tables,11/1/2016,
FUR-TA-10002903,"Bevis Round Bullnose 29"" High Table Top",Blue,Furniture,Tables,11/16/2015,
FUR-TA-10002958,"Bevis Oval Conference Table, Walnut",Pink,Furniture,Tables,3/30/2016,
FUR-TA-10003008,"Lesro Round Back Collection Coffee Table, End Table",Blue,Furniture,Tables,11/6/2016,
FUR-TA-10003238,"Chromcraft Bull-Nose Wood 48"" x 96"" Rectangular Conference Tables",Blue,Furniture,Tables,10/5/2016,
FUR-TA-10003837,Anderson Hickey Conga Table Tops & Accessories,Blue,Furniture,Tables,2/14/2016,
FUR-TA-10004086,KI Adjustable-Height Table,Black,Furniture,Tables,4/7/2016,
FUR-TA-10004152,"Barricks 18"" x 48"" Non-Folding Utility Table with Bottom Storage Shelf",Black,Furniture,Tables,11/7/2016,Nina
FUR-TA-10004175,"Hon 30"" x 60"" Table with Locking Drawer",Blue,Furniture,Tables,11/4/2016,Wolverine World Wide
FUR-TA-10004256,Bretford  Just In Time  Height-Adjustable Multi-Task Work Tables,Blue,Furniture,Tables,4/1/2016,
FUR-TA-10004289,BoxOffice By Design Rectangular and Half-Moon Meeting Room Tables,Blue,Furniture,Tables,1/23/2017,Thalia Sodi
FUR-TA-10004619,Hon Non-Folding Utility Tables,Blue,Furniture,Tables,11/10/2016,
FUR-TA-10004915,"Office Impressions End Table, 20-1/2""H x 24""W x 20""D",Pink,Furniture,Tables,12/1/2015,
OFF-AP-10000026,Tripp Lite Isotel 6 Outlet Surge Protector with Fax/Modem Protection,White,Office Supplies,Appliances,11/1/2016,Nike
OFF-AP-10000240,Belkin F9G930V10-GRY 9 Outlet Surge,Blue,Office Supplies,Appliances,3/30/2016,
OFF-AP-10000275,"Sanyo Counter Height Refrigerator with Crisper, 3.6 Cubic Foot, Stainless Steel/Black",Pink,Office Supplies,Appliances,1/14/2017,Nobles Health Care Products
OFF-AP-10000358,Fellowes Basic Home/Office Series Surge Protectors,Blue,Office Supplies,Appliances,1/16/2017,Bedroom Athletics
OFF-AP-10000595,Disposable Triple-Filter Dust Bags,Blue,Office Supplies,Appliances,1/15/2016,
OFF-AP-10000828,Avanti 4.4 Cu. Ft. Refrigerator,Blue,Office Supplies,Appliances,4/15/2016,
OFF-AP-10000938,Avanti 1.7 Cu. Ft. Refrigerator,Blue,Office Supplies,Appliances,1/14/2017,Acorn
OFF-AP-10001058,Sanyo 2.5 Cubic Foot Mid-Size Office Refrigerators,Blue,Office Supplies,Appliances,11/6/2015,Rctech
OFF-AP-10001154,Bionaire Personal Warm Mist Humidifier/Vaporizer,Blue,Office Supplies,Appliances,1/21/2016,
OFF-AP-10001492,"Acco Six-Outlet Power Strip, 4' Cord Length",Blue,Office Supplies,Appliances,10/5/2016,N.Y.L.A.
OFF-AP-10001563,Belkin Premiere Surge Master II 8-outlet surge protector,Blue,Office Supplies,Appliances,11/16/2015,Qianyuyu
OFF-AP-10001564,Hoover Commercial Lightweight Upright Vacuum with E-Z Empty Dirt Cup,Blue,Office Supplies,Appliances,1/20/2017,Levi's
OFF-AP-10001626,"Commercial WindTunnel Clean Air Upright Vacuum, Replacement Belts, Filtration Bags",Blue,Office Supplies,Appliances,1/9/2017,
OFF-AP-10001962,Black & Decker Filter for Double Action Dustbuster Cordless Vac BLDV7210,White,Office Supplies,Appliances,1/24/2017,Rockport
OFF-AP-10002118,"1.7 Cubic Foot Compact ""Cube"" Office Refrigerators",Black,Office Supplies,Appliances,11/9/2015,Mephisto
OFF-AP-10002287,"Eureka Sanitaire  Multi-Pro Heavy-Duty Upright, Disposable Bags",Blue,Office Supplies,Appliances,1/12/2017,
OFF-AP-10002311,"Holmes Replacement Filter for HEPA Air Cleaner, Very Large Room, HEPA Filter",Blue,Office Supplies,Appliances,3/11/2016,
OFF-AP-10002350,Belkin F9H710-06 7 Outlet SurgeMaster Surge Protector,Pink,Office Supplies,Appliances,11/1/2016,Puma
OFF-AP-10002403,Acco Smartsocket Color-Coded Six-Outlet AC Adapter Model Surge Protectors,Black,Office Supplies,Appliances,5/4/2016,
OFF-AP-10002457,"Eureka The Boss Plus 12-Amp Hard Box Upright Vacuum, Red",Blue,Office Supplies,Appliances,1/16/2017,Nine West
OFF-AP-10002495,"Acco Smartsocket Table Surge Protector, 6 Color-Coded Adapter Outlets",Blue,Office Supplies,Appliances,11/1/2016,Saucony
OFF-AP-10002534,3.6 Cubic Foot Counter Height Office Refrigerator,Blue,Office Supplies,Appliances,11/7/2016,Pelle Moda
OFF-AP-10002578,"Fellowes Premier Superior Surge Suppressor, 10-Outlet, With Phone and Remote",Blue,Office Supplies,Appliances,4/7/2016,
OFF-AP-10002670,Belkin 8-Outlet Premiere SurgeMaster II Surge Protectors,Blue,Office Supplies,Appliances,11/12/2014,
OFF-AP-10002684,"Acco 7-Outlet Masterpiece Power Center, Wihtout Fax/Phone Line Protection",Blue,Office Supplies,Appliances,1/17/2017,
OFF-AP-10002867,Fellowes Command Center 5-outlet power strip,Black,Office Supplies,Appliances,11/11/2016,Puma
OFF-AP-10002906,Hoover Replacement Belt for Commercial Guardsman Heavy-Duty Upright Vacuum,Pink,Office Supplies,Appliances,3/12/2016,
OFF-AP-10002998,Holmes 99% HEPA Air Purifier,Black,Office Supplies,Appliances,1/27/2017,
OFF-AP-10003040,Fellowes 8 Outlet Superior Workstation Surge Protector w/o Phone/Fax/Modem Protection,Blue,Office Supplies,Appliances,4/7/2016,
OFF-AP-10003057,Honeywell Enviracaire Portable HEPA Air Cleaner for 16' x 20' Room,Blue,Office Supplies,Appliances,1/17/2017,FITFLOP
OFF-AP-10003099,"Eureka Hand Vacuum, Bagless",Blue,Office Supplies,Appliances,10/24/2015,
OFF-AP-10003266,"Holmes Replacement Filter for HEPA Air Cleaner, Large Room",Blue,Office Supplies,Appliances,1/24/2017,A. Testoni
OFF-AP-10003278,Belkin 7-Outlet SurgeMaster Home Series,Blue,Office Supplies,Appliances,2/14/2016,
OFF-AP-10003287,Tripp Lite TLP810NET Broadband Surge for Modem/Fax,Black,Office Supplies,Appliances,8/14/2015,
OFF-AP-10003622,"Bravo II Megaboss 12-Amp Hard Body Upright, Replacement Belts, 2 Belts per Pack",Black,Office Supplies,Appliances,1/2/2016,
OFF-AP-10003779,Kensington 7 Outlet MasterPiece Power Center with Fax/Phone Line Protection,Blue,Office Supplies,Appliances,3/27/2016,
OFF-AP-10003842,Euro-Pro Shark Turbo Vacuum,Black,Office Supplies,Appliances,10/5/2016,B. Makowsky
OFF-AP-10003860,Fellowes Advanced 8 Outlet Surge Suppressor with Phone/Fax Protection,Black,Office Supplies,Appliances,1/12/2017,Guess
OFF-AP-10003884,"Fellowes Smart Surge Ten-Outlet Protector, Platinum",Pink,Office Supplies,Appliances,11/15/2016,Nike
OFF-AP-10003914,"Sanitaire Vibra Groomer IR Commercial Upright Vacuum, Replacement Belts",Blue,Office Supplies,Appliances,1/24/2016,
OFF-AP-10004036,Bionaire 99.97% HEPA Air Cleaner,Blue,Office Supplies,Appliances,1/27/2017,Portland Product Werks
OFF-AP-10004052,"Hoover Replacement Belts For Soft Guard & Commercial Ltweight Upright Vacs, 2/Pk",Pink,Office Supplies,Appliances,7/28/2016,
OFF-AP-10004336,"Conquest 14 Commercial Heavy-Duty Upright Vacuum, Collection System, Accessory Kit",Blue,Office Supplies,Appliances,5/9/2016,
OFF-AP-10004540,"Eureka The Boss Lite 10-Amp Upright Vacuum, Blue",Blue,Office Supplies,Appliances,1/27/2017,GameDay Boots
OFF-AP-10004655,"Holmes Visible Mist Ultrasonic Humidifier with 2.3-Gallon Output per Day, Replacement Filter",Pink,Office Supplies,Appliances,11/30/2015,
OFF-AP-10004785,"Holmes Replacement Filter for HEPA Air Cleaner, Medium Room",Blue,Office Supplies,Appliances,10/5/2016,Tretorn
OFF-AR-10000034,"BIC Brite Liner Grip Highlighters, Assorted, 5/Pack",Blue,Office Supplies,Art,11/7/2016,Nike
OFF-AR-10000380,"Hunt PowerHouse Electric Pencil Sharpener, Blue",Blue,Office Supplies,Art,10/5/2016,Toms
OFF-AR-10000475,"Hunt BOSTON Vista Battery-Operated Pencil Sharpener, Black",Blue,Office Supplies,Art,11/11/2016,Mia Girl
OFF-AR-10000657,"Binney & Smith inkTank Desk Highlighter, Chisel Tip, Yellow, 12/Box",Blue,Office Supplies,Art,1/19/2017,Style & Co.
OFF-AR-10000817,Manco Dry-Lighter Erasable Highlighter,Blue,Office Supplies,Art,3/21/2016,
OFF-AR-10000937,"Dixon Ticonderoga Core-Lock Colored Pencils, 48-Color Set",White,Office Supplies,Art,1/7/2017,
OFF-AR-10001022,SANFORD Liquid Accent Tank-Style Highlighters,Black,Office Supplies,Art,3/30/2016,
OFF-AR-10001026,"Sanford Uni-Blazer View Highlighters, Chisel Tip, Yellow",Blue,Office Supplies,Art,11/10/2016,
OFF-AR-10001044,"BOSTON Ranger #55 Pencil Sharpener, Black",Blue,Office Supplies,Art,1/27/2017,American Living
OFF-AR-10001118,"Binney & Smith Crayola Metallic Crayons, 16-Color Pack",Blue,Office Supplies,Art,1/22/2017,
OFF-AR-10001130,"Quartet Alpha White Chalk, 12/Pack",Blue,Office Supplies,Art,10/28/2016,Blowfish
OFF-AR-10001149,"Sanford Colorific Colored Pencils, 12/Box",Black,Office Supplies,Art,3/3/2016,
OFF-AR-10001166,Staples in misc. colors,Black,Office Supplies,Art,9/27/2016,
OFF-AR-10001221,"Dixon Ticonderoga Erasable Colored Pencil Set, 12-Color",Blue,Office Supplies,Art,1/9/2017,Sugar
OFF-AR-10001231,"Sanford EarthWrite Recycled Pencils, Medium Soft, #2",Pink,Office Supplies,Art,1/9/2017,
OFF-AR-10001374,"BIC Brite Liner Highlighters, Chisel Tip",Blue,Office Supplies,Art,11/4/2016,ELLIE SHOES
OFF-AR-10001468,"Sanford Prismacolor Professional Thick Lead Art Pencils, 36-Color Set",Black,Office Supplies,Art,1/12/2017,New Balance Numeric
OFF-AR-10001725,Boston Home & Office Model 2000 Electric Pencil Sharpeners,Black,Office Supplies,Art,1/27/2017,
OFF-AR-10001761,Avery Hi-Liter Smear-Safe Highlighters,Black,Office Supplies,Art,1/27/2017,Rubies
OFF-AR-10001770,Economy #2 Pencils,Blue,Office Supplies,Art,11/2/2016,Callisto
OFF-AR-10001897,Model L Table or Wall-Mount Pencil Sharpener,Pink,Office Supplies,Art,3/30/2016,
OFF-AR-10001915,Peel-Off China Markers,Blue,Office Supplies,Art,11/16/2015,Qianyuyu
OFF-AR-10001919,"OIC #2 Pencils, Medium Soft",Blue,Office Supplies,Art,9/20/2015,
OFF-AR-10001940,"Sanford Colorific Eraseable Coloring Pencils, 12 Count",Blue,Office Supplies,Art,11/1/2016,
OFF-AR-10001953,Boston 1645 Deluxe Heavier-Duty Electric Pencil Sharpener,Pink,Office Supplies,Art,1/2/2016,
OFF-AR-10001988,Bulldog Table or Wall-Mount Pencil Sharpener,Pink,Office Supplies,Art,5/31/2016,
OFF-AR-10002053,"Premium Writing Pencils, Soft, #2 by Central Association for the Blind",Black,Office Supplies,Art,10/29/2016,Nike
OFF-AR-10002135,Boston Heavy-Duty Trimline Electric Pencil Sharpeners,Pink,Office Supplies,Art,12/2/2015,
OFF-AR-10002240,Panasonic KP-150 Electric Pencil Sharpener,Blue,Office Supplies,Art,2/17/2016,
OFF-AR-10002257,"Eldon Spacemaker Box, Quick-Snap Lid, Clear",Pink,Office Supplies,Art,3/15/2016,
OFF-AR-10002280,Staples in misc. colors,Blue,Office Supplies,Art,8/23/2016,Jordan
OFF-AR-10002399,"Dixon Prang Watercolor Pencils, 10-Color Set with Brush",Blue,Office Supplies,Art,1/12/2017,Stacy Adams
OFF-AR-10002671,"Hunt BOSTON Model 1606 High-Volume Electric Pencil Sharpener, Beige",Blue,Office Supplies,Art,1/17/2017,
OFF-AR-10002804,Faber Castell Col-Erase Pencils,Blue,Office Supplies,Art,1/19/2017,
OFF-AR-10002818,Panasonic KP-310 Heavy-Duty Electric Pencil Sharpener,Blue,Office Supplies,Art,1/2/2016,
OFF-AR-10003179,Dixon Ticonderoga Core-Lock Colored Pencils,Blue,Office Supplies,Art,4/9/2016,
OFF-AR-10003183,Avery Fluorescent Highlighter Four-Color Set,Blue,Office Supplies,Art,11/4/2016,
OFF-AR-10003338,"Eberhard Faber 3 1/2"" Golf Pencils",Blue,Office Supplies,Art,1/12/2017,Franco Sarto
OFF-AR-10003373,"Boston School Pro Electric Pencil Sharpener, 1670",Pink,Office Supplies,Art,3/31/2016,
OFF-AR-10003405,"Dixon My First Ticonderoga Pencil, #2",Pink,Office Supplies,Art,1/2/2016,
OFF-AR-10003478,"Avery Hi-Liter EverBold Pen Style Fluorescent Highlighters, 4/Pack",Black,Office Supplies,Art,3/9/2016,
OFF-AR-10003582,"Boston Electric Pencil Sharpener, Model 1818, Charcoal Black",White,Office Supplies,Art,1/27/2017,
OFF-AR-10003602,"Quartet Omega Colored Chalk, 12/Pack",Pink,Office Supplies,Art,3/4/2016,
OFF-AR-10003631,Staples in misc. colors,Blue,Office Supplies,Art,11/11/2016,Bedroom Athletics
OFF-AR-10003696,Panasonic KP-350BK Electric Pencil Sharpener with Auto Stop,Black,Office Supplies,Art,2/17/2016,
OFF-AR-10003723,Avery Hi-Liter Fluorescent Desk Style Markers,Black,Office Supplies,Art,2/19/2016,
OFF-AR-10003759,"Crayola Anti Dust Chalk, 12/Pack",Blue,Office Supplies,Art,2/3/2017,
OFF-AR-10003876,"Avery Hi-Liter GlideStik Fluorescent Highlighter, Yellow Ink",Black,Office Supplies,Art,8/4/2016,
OFF-AR-10003896,"Stride Job 150 Highlighters, Chisel Tip, Assorted Colors",Pink,Office Supplies,Art,6/8/2016,
OFF-AR-10004022,Panasonic KP-380BK Classic Electric Pencil Sharpener,Blue,Office Supplies,Art,3/29/2016,
OFF-AR-10004027,"Binney & Smith inkTank Erasable Desk Highlighter, Chisel Tip, Yellow, 12/Box",Pink,Office Supplies,Art,2/16/2016,
OFF-AR-10004042,"BOSTON Model 1800 Electric Pencil Sharpeners, Putty/Woodgrain",Blue,Office Supplies,Art,10/5/2016,Italian Shoe Makers
OFF-AR-10004062,Staples in misc. colors,Pink,Office Supplies,Art,3/11/2016,
OFF-AR-10004165,"Binney & Smith inkTank Erasable Pocket Highlighter, Chisel Tip, Yellow",Black,Office Supplies,Art,11/16/2015,Qianyuyu
OFF-AR-10004456,Panasonic KP-4ABK Battery-Operated Pencil Sharpener,Blue,Office Supplies,Art,11/10/2016,
OFF-AR-10004587,"Boston 1827 Commercial Additional Cutter, Drive Gear & Gear Rack for 1606",Pink,Office Supplies,Art,1/22/2017,Wolverine World Wide
OFF-AR-10004602,Boston KS Multi-Size Manual Pencil Sharpener,Blue,Office Supplies,Art,12/13/2015,
OFF-AR-10004685,"Binney & Smith Crayola Metallic Colored Pencils, 8-Color Set",Pink,Office Supplies,Art,11/15/2016,Baffin
OFF-AR-10004707,Staples in misc. colors,Blue,Office Supplies,Art,4/20/2016,
OFF-AR-10004790,Staples in misc. colors,White,Office Supplies,Art,11/7/2016,
OFF-BI-10000014,Heavy-Duty E-Z-D Binders,Blue,Office Supplies,Binders,3/18/2016,
OFF-BI-10000042,"Pressboard Data Binder, Crimson, 12"" X 8 1/2""",Blue,Office Supplies,Binders,3/22/2016,
OFF-BI-10000050,"Angle-D Binders with Locking Rings, Label Holders",Blue,Office Supplies,Binders,1/2/2016,
OFF-BI-10000069,"GBC Prepunched Paper, 19-Hole, for Binding Systems, 24-lb",Blue,Office Supplies,Binders,3/22/2016,
OFF-BI-10000136,Avery Non-Stick Heavy Duty View Round Locking Ring Binders,Blue,Office Supplies,Binders,3/2/2016,
OFF-BI-10000174,"Wilson Jones Clip & Carry Folder Binder Tool for Ring Binders, Clear",Black,Office Supplies,Binders,8/1/2016,
OFF-BI-10000201,"Avery Triangle Shaped Sheet Lifters, Black, 2/Pack",Pink,Office Supplies,Binders,10/5/2016,Sorel
OFF-BI-10000216,"Mead 1st Gear 2"" Zipper Binder, Asst. Colors",Blue,Office Supplies,Binders,1/9/2017,
OFF-BI-10000279,"Acco Recycled 2"" Capacity Laser Printer Hanging Data Binders",Pink,Office Supplies,Binders,5/6/2016,
OFF-BI-10000285,XtraLife ClearVue Slant-D Ring Binders by Cardinal,Blue,Office Supplies,Binders,1/22/2017,
OFF-BI-10000309,"GBC Twin Loop Wire Binding Elements, 9/16"" Spine, Black",Blue,Office Supplies,Binders,1/27/2017,Dr. Scholl'S
OFF-BI-10000315,Poly Designer Cover & Back,Blue,Office Supplies,Binders,11/1/2016,Wolverine World Wide
OFF-BI-10000343,"Pressboard Covers with Storage Hooks, 9 1/2"" x 11"", Light Blue",Blue,Office Supplies,Binders,4/7/2015,Cufflinks Inc
OFF-BI-10000474,Avery Recycled Flexi-View Covers for Binding Systems,Blue,Office Supplies,Binders,4/10/2016,
OFF-BI-10000605,"Acco Pressboard Covers with Storage Hooks, 9 1/2"" x 11"", Executive Red",Black,Office Supplies,Binders,1/27/2016,
OFF-BI-10000822,"Acco PRESSTEX Data Binder with Storage Hooks, Light Blue, 9 1/2"" X 11""",Blue,Office Supplies,Binders,11/4/2016,Vince
OFF-BI-10000829,Avery Non-Stick Binders,Blue,Office Supplies,Binders,10/28/2016,Keds
OFF-BI-10000848,Angle-D Ring Binders,Black,Office Supplies,Binders,1/27/2017,Norcross Safety Prod
OFF-BI-10000948,"GBC Laser Imprintable Binding System Covers, Desert Sand",Pink,Office Supplies,Binders,1/27/2017,
OFF-BI-10000962,"Acco Flexible ACCOHIDE Square Ring Data Binder, Dark Blue, 11 1/2"" X 14"" 7/8""",Black,Office Supplies,Binders,1/27/2017,
OFF-BI-10001036,Cardinal EasyOpen D-Ring Binders,Blue,Office Supplies,Binders,11/2/2015,
OFF-BI-10001072,"GBC Clear Cover, 8-1/2 x 11, unpunched, 25 covers per pack",Pink,Office Supplies,Binders,11/4/2016,
OFF-BI-10001078,"Acco PRESSTEX Data Binder with Storage Hooks, Dark Blue, 14 7/8"" X 11""",Black,Office Supplies,Binders,11/16/2015,FitFlop
OFF-BI-10001098,Acco D-Ring Binder w/DublLock,Blue,Office Supplies,Binders,3/11/2016,
OFF-BI-10001107,"GBC White Gloss Covers, Plain Front",Blue,Office Supplies,Binders,10/14/2015,
OFF-BI-10001116,"Wilson Jones 1"" Hanging DublLock Ring Binders",Pink,Office Supplies,Binders,8/14/2015,
OFF-BI-10001120,Ibico EPK-21 Electric Binding System,Blue,Office Supplies,Binders,2/14/2016,
OFF-BI-10001132,"Acco PRESSTEX Data Binder with Storage Hooks, Dark Blue, 9 1/2"" X 11""",Blue,Office Supplies,Binders,1/20/2017,Unisa
OFF-BI-10001153,Ibico Recycled Grain-Textured Covers,Blue,Office Supplies,Binders,3/9/2016,
OFF-BI-10001196,"Avery Flip-Chart Easel Binder, Black",Blue,Office Supplies,Binders,9/24/2016,Enzo Angiolini
OFF-BI-10001249,Avery Heavy-Duty EZD View Binder with Locking Rings,Black,Office Supplies,Binders,1/12/2017,Bearpaw
OFF-BI-10001267,"Universal Recycled Hanging Pressboard Report Binders, Letter Size",Blue,Office Supplies,Binders,6/20/2016,
OFF-BI-10001308,GBC Standard Plastic Binding Systems' Combs,White,Office Supplies,Binders,11/11/2016,Minnetonka
OFF-BI-10001510,Deluxe Heavy-Duty Vinyl Round Ring Binder,Blue,Office Supplies,Binders,3/19/2016,
OFF-BI-10001525,"Acco Pressboard Covers with Storage Hooks, 14 7/8"" x 11"", Executive Red",Blue,Office Supplies,Binders,1/27/2017,
OFF-BI-10001553,SpineVue Locking Slant-D Ring Binders by Cardinal,Blue,Office Supplies,Binders,3/30/2016,
OFF-BI-10001597,"Wilson Jones Ledger-Size, Piano-Hinge Binder, 2"", Blue",Blue,Office Supplies,Binders,3/30/2016,
OFF-BI-10001628,"Acco Data Flex Cable Posts For Top & Bottom Load Binders, 6"" Capacity",Black,Office Supplies,Binders,11/16/2015,Qianyuyu
OFF-BI-10001658,GBC Standard Therm-A-Bind Covers,Pink,Office Supplies,Binders,2/19/2016,
OFF-BI-10001759,"Acco Pressboard Covers with Storage Hooks, 14 7/8"" x 11"", Dark Blue",Blue,Office Supplies,Binders,1/14/2017,Spring Footwear
OFF-BI-10001765,Wilson Jones Heavy-Duty Casebound Ring Binders with Metal Hinges,Pink,Office Supplies,Binders,11/4/2016,Woolrich
OFF-BI-10001787,Wilson Jones Four-Pocket Poly Binders,Black,Office Supplies,Binders,11/4/2016,G by Guess
OFF-BI-10001900,"DXL Angle-View Binders with Locking Rings, Black",Pink,Office Supplies,Binders,2/2/2016,
OFF-BI-10001982,Wilson Jones Custom Binder Spines & Labels,Pink,Office Supplies,Binders,12/2/2015,
OFF-BI-10002072,Cardinal Slant-D Ring Binders,Pink,Office Supplies,Binders,6/20/2016,
OFF-BI-10002103,"Cardinal Slant-D Ring Binder, Heavy Gauge Vinyl",Pink,Office Supplies,Binders,1/24/2017,Fun World
OFF-BI-10002133,"Wilson Jones Elliptical Ring 3 1/2"" Capacity Binders, 800 sheets",Pink,Office Supplies,Binders,1/20/2017,Michael Antonio
OFF-BI-10002194,Cardinal Hold-It CD Pocket,Blue,Office Supplies,Binders,11/8/2015,Intrepid International
OFF-BI-10002215,"Wilson Jones Hanging View Binder, White, 1""",Pink,Office Supplies,Binders,1/17/2017,
OFF-BI-10002225,"Square Ring Data Binders, Rigid 75 Pt. Covers, 11"" x 14-7/8""",Pink,Office Supplies,Binders,2/14/2016,
OFF-BI-10002309,Avery Heavy-Duty EZD  Binder With Locking Rings,Pink,Office Supplies,Binders,12/1/2015,
OFF-BI-10002429,"Premier Elliptical Ring Binder, Black",Pink,Office Supplies,Binders,8/27/2016,SNEED
OFF-BI-10002432,Wilson Jones Standard D-Ring Binders,Blue,Office Supplies,Binders,8/27/2016,SNEED
OFF-BI-10002571,"Avery Framed View Binder, EZD Ring (Locking), Navy, 1 1/2""",Black,Office Supplies,Binders,2/9/2016,
OFF-BI-10002706,Avery Premier Heavy-Duty Binder with Round Locking Rings,Blue,Office Supplies,Binders,10/28/2016,Lauren Ralph Lauren
OFF-BI-10002735,GBC Prestige Therm-A-Bind Covers,Blue,Office Supplies,Binders,1/19/2017,
OFF-BI-10002794,"Avery Trapezoid Ring Binder, 3"" Capacity, Black, 1040 sheets",Pink,Office Supplies,Binders,1/12/2017,
OFF-BI-10002799,"SlimView Poly Binder, 3/8""",Pink,Office Supplies,Binders,12/1/2015,
OFF-BI-10002813,Avery Reinforcements for Hole-Punch Pages,Blue,Office Supplies,Binders,3/22/2016,
OFF-BI-10002854,"Performers Binder/Pad Holder, Black",Blue,Office Supplies,Binders,3/4/2016,
OFF-BI-10002897,"Black Avery Memo-Size 3-Ring Binder, 5 1/2"" x 8 1/2""",Blue,Office Supplies,Binders,1/9/2017,VANS
OFF-BI-10002931,"Avery Trapezoid Extra Heavy Duty 4"" Binders",Blue,Office Supplies,Binders,10/5/2016,Cape Robbin
OFF-BI-10002954,Newell 3-Hole Punched Plastic Slotted Magazine Holders for Binders,Black,Office Supplies,Binders,11/4/2016,Oh!
OFF-BI-10002982,Avery Self-Adhesive Photo Pockets for Polaroid Photos,Blue,Office Supplies,Binders,11/16/2015,Qianyuyu
OFF-BI-10003007,"Premium Transparent Presentation Covers, No Pattern/Clear, 8 1/2"" x 11""",Blue,Office Supplies,Binders,1/17/2017,
OFF-BI-10003094,Self-Adhesive Ring Binder Labels,White,Office Supplies,Binders,1/14/2017,Converse
OFF-BI-10003274,"Avery Durable Slant Ring Binders, No Labels",Black,Office Supplies,Binders,1/2/2016,
OFF-BI-10003291,Wilson Jones Leather-Like Binders with DublLock Round Rings,Black,Office Supplies,Binders,11/4/2016,Guess
OFF-BI-10003429,"Cardinal HOLDit! Binder Insert Strips,Extra Strips",Pink,Office Supplies,Binders,4/10/2016,
OFF-BI-10003460,Acco 3-Hole Punch,Blue,Office Supplies,Binders,5/11/2016,
FUR-CH-10002084,Hon Mobius Operator's Chair,Black,Furniture,Chairs,1/2/2016,
FUR-CH-10002304,"Global Stack Chair without Arms, Black",Black,Furniture,Chairs,11/16/2015,SOFIAMORE
FUR-CH-10002317,Global Enterprise Series Seating Low-Back Swivel/Tilt Chairs,Blue,Furniture,Chairs,1/27/2016,
FUR-CH-10002331,Hon 4700 Series Mobuis Mid-Back Task Chairs with Adjustable Arms,Blue,Furniture,Chairs,3/30/2016,
FUR-CH-10002372,Office Star - Ergonomically Designed Knee Chair,Pink,Furniture,Chairs,1/20/2017,
FUR-CH-10002439,"Iceberg Nesting Folding Chair, 19w x 6d x 43h",Blue,Furniture,Chairs,10/5/2016,
FUR-CH-10002602,DMI Arturo Collection Mission-style Design Wood Chair,Pink,Furniture,Chairs,3/15/2016,
FUR-CH-10002647,"Situations Contoured Folding Chairs, 4/Set",Blue,Furniture,Chairs,3/4/2016,
FUR-CH-10002758,"Hon Deluxe Fabric Upholstered Stacking Chairs, Squared Back",Blue,Furniture,Chairs,11/10/2016,Easy Spirit
FUR-CH-10002774,"Global Deluxe Stacking Chair, Gray",Pink,Furniture,Chairs,3/12/2016,
FUR-CH-10002780,Office Star - Task Chair with Contemporary Loop Arms,Blue,Furniture,Chairs,1/20/2017,
FUR-CH-10002880,"Global High-Back Leather Tilter, Burgundy",Blue,Furniture,Chairs,1/18/2016,
FUR-CH-10002961,"Leather Task Chair, Black",Black,Furniture,Chairs,11/11/2016,Naturalizer
FUR-CH-10002965,"Global Leather Highback Executive Chair with Pneumatic Height Adjustment, Black",Blue,Furniture,Chairs,1/24/2017,
FUR-CH-10003061,"Global Leather Task Chair, Black",Blue,Furniture,Chairs,1/22/2017,
FUR-CH-10003199,Office Star - Contemporary Task Swivel Chair,Pink,Furniture,Chairs,11/7/2016,Skechers
FUR-CH-10003298,"Office Star - Contemporary Task Swivel chair with Loop Arms, Charcoal",Black,Furniture,Chairs,3/29/2016,
FUR-CH-10003312,Hon 2090  Pillow Soft  Series Mid Back Swivel/Tilt Chairs,Blue,Furniture,Chairs,3/15/2016,
FUR-CH-10003379,Global Commerce Series High-Back Swivel/Tilt Chairs,Blue,Furniture,Chairs,3/29/2016,
FUR-CH-10003535,"Global Armless Task Chair, Royal Blue",Black,Furniture,Chairs,1/24/2017,Franco Sarto
FUR-CH-10003774,"Global Wood Trimmed Manager's Task Chair, Khaki",Pink,Furniture,Chairs,12/1/2015,
FUR-CH-10003817,"Global Value Steno Chair, Gray",Blue,Furniture,Chairs,1/14/2017,Comfy Feet LLC
FUR-CH-10003956,Novimex High-Tech Fabric Mesh Task Chair,White,Furniture,Chairs,11/9/2015,
FUR-CH-10003981,Global Commerce Series Low-Back Swivel/Tilt Chairs,Blue,Furniture,Chairs,1/20/2017,Jessica Simpson
FUR-CH-10004063,Global Deluxe High-Back Manager's Chair,Black,Furniture,Chairs,11/16/2015,Qianyuyu
FUR-CH-10004218,"Global Fabric Manager's Chair, Dark Gray",Blue,Furniture,Chairs,1/12/2017,Nike
